"leg_id";"type";"aircraft";"depAirport";"arrAirport";"depTime";"arrTime"
"________20180810AF1440CDGAMS01 ";"LEG";"FGRHM";"CDG ";"AMS ";"2018-08-10T16:00:00Z";"2018-08-10T17:15:00Z"
"________20180805AF1440CDGAMS01 ";"LEG";"FGRHK";"CDG ";"AMS ";"2018-08-05T16:00:00Z";"2018-08-05T17:15:00Z"
"________20180805AF1140CDGAMS01 ";"LEG";"FGRXM";"CDG ";"AMS ";"2018-08-05T14:45:00Z";"2018-08-05T15:55:00Z"
"________20180806AF1440CDGAMS01 ";"LEG";"FGRHF";"CDG ";"AMS ";"2018-08-06T16:00:00Z";"2018-08-06T17:15:00Z"
"________20180807AF1440CDGAMS01 ";"LEG";"FGRXM";"CDG ";"AMS ";"2018-08-07T16:00:00Z";"2018-08-07T17:15:00Z"
"________20180807AF1340CDGAMS01 ";"LEG";"FGRXM";"CDG ";"AMS ";"2018-08-07T06:20:00Z";"2018-08-07T07:40:00Z"
"________20180808AF1440CDGAMS01 ";"LEG";"FGRHM";"CDG ";"AMS ";"2018-08-08T16:00:00Z";"2018-08-08T17:15:00Z"
"________20180808AF1140CDGAMS01 ";"LEG";"FGRHY";"CDG ";"AMS ";"2018-08-08T14:45:00Z";"2018-08-08T15:55:00Z"
"________20180809AF1440CDGAMS01 ";"LEG";"FGRXL";"CDG ";"AMS ";"2018-08-09T16:00:00Z";"2018-08-09T17:15:00Z"
"________20180809AF1140CDGAMS01 ";"LEG";"FGRXA";"CDG ";"AMS ";"2018-08-09T14:45:00Z";"2018-08-09T15:55:00Z"
"________20180809AF7516CDGTLS01 ";"LEG";"FGRHZ";"CDG ";"TLS ";"2018-08-09T05:25:00Z";"2018-08-09T06:45:00Z"
"________20180808AF7516CDGTLS01 ";"LEG";"FGRHY";"CDG ";"TLS ";"2018-08-08T05:25:00Z";"2018-08-08T06:45:00Z"
"________20180807AF7516CDGTLS01 ";"LEG";"FGRHL";"CDG ";"TLS ";"2018-08-07T05:25:00Z";"2018-08-07T06:45:00Z"
"________20180805AF7516CDGTLS01 ";"LEG";"FGRHY";"CDG ";"TLS ";"2018-08-05T06:26:00Z";"2018-08-05T07:50:00Z"
"________20180809AF1224CDGLIS01 ";"LEG";"FGRHY";"CDG ";"LIS ";"2018-08-09T06:10:00Z";"2018-08-09T08:40:00Z"
"________20180810AF1224CDGLIS01 ";"LEG";"FGRXA";"CDG ";"LIS ";"2018-08-10T06:10:00Z";"2018-08-10T08:40:00Z"
"________20180807AF1224CDGLIS01 ";"LEG";"FGRXJ";"CDG ";"LIS ";"2018-08-07T06:10:00Z";"2018-08-07T08:40:00Z"
"________20180806AF7732CDGBES01 ";"LEG";"FGRXM";"CDG ";"BES ";"2018-08-06T19:50:00Z";"2018-08-06T21:00:00Z"
"________20180806AF7646CDGLYS01 ";"LEG";"FGRXM";"CDG ";"LYS ";"2018-08-06T15:55:00Z";"2018-08-06T17:05:00Z"
"________20180807AF7652CDGLYS01 ";"LEG";"FGRHY";"CDG ";"LYS ";"2018-08-07T10:25:00Z";"2018-08-07T11:35:00Z"
"________20180808AF7648CDGLYS01 ";"LEG";"FGRHV";"CDG ";"LYS ";"2018-08-08T19:05:00Z";"2018-08-08T20:10:00Z"
"________20180810AF7648CDGLYS01 ";"LEG";"FGRHZ";"CDG ";"LYS ";"2018-08-10T19:05:00Z";"2018-08-10T20:10:00Z"
"________20180806AF7648CDGLYS01 ";"LEG";"FGRHY";"CDG ";"LYS ";"2018-08-06T19:05:00Z";"2018-08-06T20:10:00Z"
"________20180807AF7648CDGLYS01 ";"LEG";"FGRHZ";"CDG ";"LYS ";"2018-08-07T19:05:00Z";"2018-08-07T20:10:00Z"
"________20180805AF7648CDGLYS01 ";"LEG";"FGRHF";"CDG ";"LYS ";"2018-08-05T19:05:00Z";"2018-08-05T20:10:00Z"
"________20180809AF1422CDGMUC01 ";"LEG";"FGRXA";"CDG ";"MUC ";"2018-08-09T05:10:00Z";"2018-08-09T06:40:00Z"
"________20180809AF1122CDGMUC01 ";"LEG";"FGRHK";"CDG ";"MUC ";"2018-08-09T19:00:00Z";"2018-08-09T20:35:00Z"
"________20180809AF1022CDGMUC01 ";"LEG";"FGRHO";"CDG ";"MUC ";"2018-08-09T16:05:00Z";"2018-08-09T17:35:00Z"
"________20180808AF1722CDGMUC01 ";"LEG";"FGRHF";"CDG ";"MUC ";"2018-08-08T08:05:00Z";"2018-08-08T09:35:00Z"
"________20180808AF1122CDGMUC01 ";"LEG";"FGRXL";"CDG ";"MUC ";"2018-08-08T19:00:00Z";"2018-08-08T20:35:00Z"
"________20180810AF1722CDGMUC01 ";"LEG";"FGRHK";"CDG ";"MUC ";"2018-08-10T08:05:00Z";"2018-08-10T09:35:00Z"
"________20180810AF1022CDGMUC01 ";"LEG";"FGRHF";"CDG ";"MUC ";"2018-08-10T16:05:00Z";"2018-08-10T17:35:00Z"
"________20180810AF1822CDGMUC01 ";"LEG";"FGRXC";"CDG ";"MUC ";"2018-08-10T13:40:00Z";"2018-08-10T15:10:00Z"
"________20180805AF1722CDGMUC01 ";"LEG";"FGRHS";"CDG ";"MUC ";"2018-08-05T08:11:00Z";"2018-08-05T09:54:00Z"
"________20180805AF1122CDGMUC01 ";"LEG";"FGRXA";"CDG ";"MUC ";"2018-08-05T19:00:00Z";"2018-08-05T20:35:00Z"
"________20180805AF1822CDGMUC01 ";"LEG";"FGRHR";"CDG ";"MUC ";"2018-08-05T13:45:00Z";"2018-08-05T15:18:00Z"
"________20180807AF1122CDGMUC01 ";"LEG";"FGRHF";"CDG ";"MUC ";"2018-08-07T19:00:00Z";"2018-08-07T20:35:00Z"
"________20180807AF1022CDGMUC01 ";"LEG";"FGRHK";"CDG ";"MUC ";"2018-08-07T16:05:00Z";"2018-08-07T17:35:00Z"
"________20180806AF1822CDGMUC01 ";"LEG";"FGRHV";"CDG ";"MUC ";"2018-08-06T13:40:00Z";"2018-08-06T15:10:00Z"
"________20180808AF7586CDGFSC01 ";"LEG";"FGRHO";"CDG ";"FSC ";"2018-08-08T07:25:00Z";"2018-08-08T09:15:00Z"
"________20180806AF7586CDGFSC01 ";"LEG";"FGRHU";"CDG ";"FSC ";"2018-08-06T07:25:00Z";"2018-08-06T09:15:00Z"
"________20180808AF7660CDGMRS01 ";"LEG";"FGRHV";"CDG ";"MRS ";"2018-08-08T05:25:00Z";"2018-08-08T06:50:00Z"
"________20180810AF7660CDGMRS01 ";"LEG";"FGRHF";"CDG ";"MRS ";"2018-08-10T05:25:00Z";"2018-08-10T06:50:00Z"
"________20180806AF7660CDGMRS01 ";"LEG";"FGRHK";"CDG ";"MRS ";"2018-08-06T05:25:00Z";"2018-08-06T06:50:00Z"
"________20180807AF7660CDGMRS01 ";"LEG";"FGRHR";"CDG ";"MRS ";"2018-08-07T05:25:00Z";"2018-08-07T06:50:00Z"
"________20180809AF1680CDGLHR01 ";"LEG";"FGRHB";"CDG ";"LHR ";"2018-08-09T05:35:00Z";"2018-08-09T06:55:00Z"
"________20180809AF1580CDGLHR01 ";"LEG";"FGRHH";"CDG ";"LHR ";"2018-08-09T08:10:00Z";"2018-08-09T09:30:00Z"
"________20180809AF1380CDGLHR01 ";"LEG";"FGRHR";"CDG ";"LHR ";"2018-08-09T18:45:00Z";"2018-08-09T20:10:00Z"
"________20180809AF1280CDGLHR01 ";"LEG";"FGRHN";"CDG ";"LHR ";"2018-08-09T14:00:00Z";"2018-08-09T15:25:00Z"
"________20180808AF1580CDGLHR01 ";"LEG";"FGRHB";"CDG ";"LHR ";"2018-08-08T08:10:00Z";"2018-08-08T09:30:00Z"
"________20180808AF1380CDGLHR01 ";"LEG";"FGRXD";"CDG ";"LHR ";"2018-08-08T18:45:00Z";"2018-08-08T20:10:00Z"
"________20180808AF1280CDGLHR01 ";"LEG";"FGRXD";"CDG ";"LHR ";"2018-08-08T14:00:00Z";"2018-08-08T15:25:00Z"
"________20180808AF1180CDGLHR01 ";"LEG";"FGRHU";"CDG ";"LHR ";"2018-08-08T17:00:00Z";"2018-08-08T18:20:00Z"
"________20180810AF1580CDGLHR01 ";"LEG";"FGRHN";"CDG ";"LHR ";"2018-08-10T08:10:00Z";"2018-08-10T09:30:00Z"
"________20180810AF1380CDGLHR01 ";"LEG";"FGRHY";"CDG ";"LHR ";"2018-08-10T18:45:00Z";"2018-08-10T20:10:00Z"
"________20180810AF1280CDGLHR01 ";"LEG";"FGRHY";"CDG ";"LHR ";"2018-08-10T14:00:00Z";"2018-08-10T15:25:00Z"
"________20180810AF1180CDGLHR01 ";"LEG";"FGRHB";"CDG ";"LHR ";"2018-08-10T17:00:00Z";"2018-08-10T18:20:00Z"
"________20180805AF1580CDGLHR01 ";"LEG";"FGRXF";"CDG ";"LHR ";"2018-08-05T08:21:00Z";"2018-08-05T10:01:00Z"
"________20180805AF1280CDGLHR01 ";"LEG";"FGRXJ";"CDG ";"LHR ";"2018-08-05T14:10:00Z";"2018-08-05T15:21:00Z"
"________20180805AF1180CDGLHR01 ";"LEG";"FGRXC";"CDG ";"LHR ";"2018-08-05T17:00:00Z";"2018-08-05T18:20:00Z"
"________20180805AF1080CDGLHR01 ";"LEG";"FGRHZ";"CDG ";"LHR ";"2018-08-05T16:15:00Z";"2018-08-05T17:30:00Z"
"________20180807AF1580CDGLHR01 ";"LEG";"FGRXK";"CDG ";"LHR ";"2018-08-07T08:10:00Z";"2018-08-07T09:30:00Z"
"________20180807AF1380CDGLHR01 ";"LEG";"FGRHN";"CDG ";"LHR ";"2018-08-07T18:45:00Z";"2018-08-07T20:10:00Z"
"________20180807AF1280CDGLHR01 ";"LEG";"FGRHB";"CDG ";"LHR ";"2018-08-07T14:00:00Z";"2018-08-07T15:25:00Z"
"________20180807AF1180CDGLHR01 ";"LEG";"FGRXA";"CDG ";"LHR ";"2018-08-07T17:00:00Z";"2018-08-07T18:20:00Z"
"________20180807AF1080CDGLHR01 ";"LEG";"FGRXL";"CDG ";"LHR ";"2018-08-07T16:15:00Z";"2018-08-07T17:30:00Z"
"________20180806AF1580CDGLHR01 ";"LEG";"FGRHH";"CDG ";"LHR ";"2018-08-06T08:10:00Z";"2018-08-06T09:30:00Z"
"________20180806AF1380CDGLHR01 ";"LEG";"FGRHZ";"CDG ";"LHR ";"2018-08-06T18:45:00Z";"2018-08-06T20:10:00Z"
"________20180806AF1280CDGLHR01 ";"LEG";"FGRHN";"CDG ";"LHR ";"2018-08-06T14:00:00Z";"2018-08-06T15:25:00Z"
"________20180806AF1180CDGLHR01 ";"LEG";"FGRXD";"CDG ";"LHR ";"2018-08-06T17:00:00Z";"2018-08-06T18:20:00Z"
"________20180805AF1190CDGIBZ01 ";"LEG";"FGRXL";"CDG ";"IBZ ";"2018-08-05T11:07:00Z";"2018-08-05T13:00:00Z"
"________20180808AF1190CDGIBZ01 ";"LEG";"FGRHU";"CDG ";"IBZ ";"2018-08-08T11:00:00Z";"2018-08-08T13:10:00Z"
"________20180809AF1816CDGDUB01 ";"LEG";"FGRHB";"CDG ";"DUB ";"2018-08-09T10:35:00Z";"2018-08-09T12:20:00Z"
"________20180806AF1228CDGBLQ01 ";"LEG";"FGRHY";"CDG ";"BLQ ";"2018-08-06T05:20:00Z";"2018-08-06T07:00:00Z"
"________20180805AF1228CDGBLQ01 ";"LEG";"FGRXM";"CDG ";"BLQ ";"2018-08-05T05:36:00Z";"2018-08-05T07:07:00Z"
"________20180810AF1228CDGBLQ01 ";"LEG";"FGRXD";"CDG ";"BLQ ";"2018-08-10T05:20:00Z";"2018-08-10T07:00:00Z"
"________20180809AF1328CDGBLQ01 ";"LEG";"FGRHH";"CDG ";"BLQ ";"2018-08-09T13:25:00Z";"2018-08-09T15:05:00Z"
"________20180809AF1228CDGBLQ01 ";"LEG";"FGRHM";"CDG ";"BLQ ";"2018-08-09T05:20:00Z";"2018-08-09T07:00:00Z"
"________20180809AF7588CDGAJA01 ";"LEG";"FGRXJ";"CDG ";"AJA ";"2018-08-09T07:20:00Z";"2018-08-09T09:15:00Z"
"________20180806AF1458CDGRBA01 ";"LEG";"FGRHH";"CDG ";"RBA ";"2018-08-06T13:10:00Z";"2018-08-06T16:05:00Z"
"________20180806AF1358CDGRBA01 ";"LEG";"FGRXF";"CDG ";"RBA ";"2018-08-06T18:50:00Z";"2018-08-06T21:40:00Z"
"________20180806AF1258CDGRBA01 ";"LEG";"FGRHB";"CDG ";"RBA ";"2018-08-06T09:10:00Z";"2018-08-06T12:05:00Z"
"________20180807AF1358CDGRBA01 ";"LEG";"FGRHH";"CDG ";"RBA ";"2018-08-07T18:50:00Z";"2018-08-07T21:40:00Z"
"________20180807AF1258CDGRBA01 ";"LEG";"FGRXF";"CDG ";"RBA ";"2018-08-07T09:50:00Z";"2018-08-07T12:45:00Z"
"________20180805AF1358CDGRBA01 ";"LEG";"FGRHB";"CDG ";"RBA ";"2018-08-05T18:50:00Z";"2018-08-05T21:40:00Z"
"________20180805AF1258CDGRBA01 ";"LEG";"FGRHN";"CDG ";"RBA ";"2018-08-05T09:24:00Z";"2018-08-05T12:00:00Z"
"________20180802AF1258CDGRBA01 ";"LEG";"FGRHL";"CDG ";"RBA ";"2018-08-02T10:43:00Z";"2018-08-02T13:15:00Z"
"________20180810AF1458CDGRBA01 ";"LEG";"FGRHN";"CDG ";"RBA ";"2018-08-10T13:10:00Z";"2018-08-10T16:05:00Z"
"________20180810AF1358CDGRBA01 ";"LEG";"FGRHS";"CDG ";"RBA ";"2018-08-10T18:50:00Z";"2018-08-10T21:40:00Z"
"________20180810AF1258CDGRBA01 ";"LEG";"FGRXK";"CDG ";"RBA ";"2018-08-10T09:10:00Z";"2018-08-10T12:05:00Z"
"________20180808AF1458CDGRBA01 ";"LEG";"FGRXM";"CDG ";"RBA ";"2018-08-08T13:10:00Z";"2018-08-08T16:05:00Z"
"________20180808AF1358CDGRBA01 ";"LEG";"FGRHR";"CDG ";"RBA ";"2018-08-08T18:50:00Z";"2018-08-08T21:40:00Z"
"________20180808AF1258CDGRBA01 ";"LEG";"FGRHH";"CDG ";"RBA ";"2018-08-08T09:50:00Z";"2018-08-08T12:45:00Z"
"________20180809AF1358CDGRBA01 ";"LEG";"FGRXK";"CDG ";"RBA ";"2018-08-09T18:50:00Z";"2018-08-09T21:40:00Z"
"________20180809AF1258CDGRBA01 ";"LEG";"FGRHL";"CDG ";"RBA ";"2018-08-09T09:50:00Z";"2018-08-09T12:45:00Z"
"________20180806AF1290CDGCTA01 ";"LEG";"FGRHO";"CDG ";"CTA ";"2018-08-06T11:30:00Z";"2018-08-06T14:05:00Z"
"________20180810AF1290CDGCTA01 ";"LEG";"FGRXM";"CDG ";"CTA ";"2018-08-10T11:30:00Z";"2018-08-10T14:05:00Z"
"________20180808AF1290CDGCTA01 ";"LEG";"FGRHK";"CDG ";"CTA ";"2018-08-08T11:30:00Z";"2018-08-08T14:05:00Z"
"________20180808AF1642CDGGVA01 ";"LEG";"FGRHZ";"CDG ";"GVA ";"2018-08-08T06:30:00Z";"2018-08-08T07:40:00Z"
"________20180808AF1342CDGGVA01 ";"LEG";"FGRXJ";"CDG ";"GVA ";"2018-08-08T14:05:00Z";"2018-08-08T15:15:00Z"
"________20180809AF1642CDGGVA01 ";"LEG";"FGRHO";"CDG ";"GVA ";"2018-08-09T06:30:00Z";"2018-08-09T07:40:00Z"
"________20180809AF1342CDGGVA01 ";"LEG";"FGRHK";"CDG ";"GVA ";"2018-08-09T14:05:00Z";"2018-08-09T15:15:00Z"
"________20180805AF1642CDGGVA01 ";"LEG";"FGRHK";"CDG ";"GVA ";"2018-08-05T06:35:00Z";"2018-08-05T07:57:00Z"
"________20180805AF1442CDGGVA01 ";"LEG";"FGRXM";"CDG ";"GVA ";"2018-08-05T10:45:00Z";"2018-08-05T11:54:00Z"
"________20180805AF1242CDGGVA01 ";"LEG";"FGRHU";"CDG ";"GVA ";"2018-08-05T18:45:00Z";"2018-08-05T19:55:00Z"
"________20180806AF1642CDGGVA01 ";"LEG";"FGRHL";"CDG ";"GVA ";"2018-08-06T06:30:00Z";"2018-08-06T07:40:00Z"
"________20180807AF1342CDGGVA01 ";"LEG";"FGRHO";"CDG ";"GVA ";"2018-08-07T14:05:00Z";"2018-08-07T15:15:00Z"
"________20180809AF1288CDGBRI01 ";"LEG";"FGRXJ";"CDG ";"BRI ";"2018-08-09T12:45:00Z";"2018-08-09T14:55:00Z"
"________20180806AF1164CDGBHX01 ";"LEG";"FGRXF";"CDG ";"BHX ";"2018-08-06T05:10:00Z";"2018-08-06T06:25:00Z"
"________20180809AF1164CDGBHX01 ";"LEG";"FGRHL";"CDG ";"BHX ";"2018-08-09T05:10:00Z";"2018-08-09T06:25:00Z"
"________20180808AF1378CDGNAP01 ";"LEG";"FGRHZ";"CDG ";"NAP ";"2018-08-08T10:35:00Z";"2018-08-08T12:45:00Z"
"________20180810AF1378CDGNAP01 ";"LEG";"FGRXD";"CDG ";"NAP ";"2018-08-10T10:35:00Z";"2018-08-10T12:45:00Z"
"________20180805AF1630CDGMXP01 ";"LEG";"FGRHL";"CDG ";"MXP ";"2018-08-05T19:00:00Z";"2018-08-05T20:30:00Z"
"________20180805AF1230CDGMXP01 ";"LEG";"FGRHK";"CDG ";"MXP ";"2018-08-05T11:25:00Z";"2018-08-05T13:00:00Z"
"________20180809AF1088CDGOTP01 ";"LEG";"FGRHT";"CDG ";"OTP ";"2018-08-09T17:20:00Z";"2018-08-09T20:10:00Z"
"________20180809AF1888CDGOTP01 ";"LEG";"FGRHS";"CDG ";"OTP ";"2018-08-09T08:15:00Z";"2018-08-09T11:10:00Z"
"________20180808AF1088CDGOTP01 ";"LEG";"FGRHN";"CDG ";"OTP ";"2018-08-08T17:20:00Z";"2018-08-08T20:10:00Z"
"________20180808AF1888CDGOTP01 ";"LEG";"FGRHT";"CDG ";"OTP ";"2018-08-08T08:15:00Z";"2018-08-08T11:10:00Z"
"________20180807AF1088CDGOTP01 ";"LEG";"FGRXD";"CDG ";"OTP ";"2018-08-07T17:20:00Z";"2018-08-07T20:10:00Z"
"________20180807AF1888CDGOTP01 ";"LEG";"FGRXC";"CDG ";"OTP ";"2018-08-07T08:15:00Z";"2018-08-07T11:10:00Z"
"________20180806AF1088CDGOTP01 ";"LEG";"FGRHB";"CDG ";"OTP ";"2018-08-06T17:20:00Z";"2018-08-06T20:10:00Z"
"________20180806AF1888CDGOTP01 ";"LEG";"FGRXJ";"CDG ";"OTP ";"2018-08-06T08:15:00Z";"2018-08-06T11:10:00Z"
"________20180805AF1588CDGOTP01 ";"LEG";"FGRHL";"CDG ";"OTP ";"2018-08-05T11:26:00Z";"2018-08-05T14:24:00Z"
"________20180805AF1088CDGOTP01 ";"LEG";"FGRHN";"CDG ";"OTP ";"2018-08-05T17:20:00Z";"2018-08-05T20:10:00Z"
"________20180805AF1888CDGOTP01 ";"LEG";"FGRXD";"CDG ";"OTP ";"2018-08-05T08:33:00Z";"2018-08-05T11:10:00Z"
"________20180810AF1088CDGOTP01 ";"LEG";"FGRXK";"CDG ";"OTP ";"2018-08-10T17:20:00Z";"2018-08-10T20:10:00Z"
"________20180810AF1888CDGOTP01 ";"LEG";"FGRHL";"CDG ";"OTP ";"2018-08-10T08:15:00Z";"2018-08-10T11:10:00Z"
"________20180810AF1532CDGATH01 ";"LEG";"FGRHV";"CDG ";"ATH ";"2018-08-10T07:45:00Z";"2018-08-10T10:55:00Z"
"________20180810AF1332CDGATH01 ";"LEG";"FGRXA";"CDG ";"ATH ";"2018-08-10T13:00:00Z";"2018-08-10T16:05:00Z"
"________20180810AF1232CDGATH01 ";"LEG";"FGRHO";"CDG ";"ATH ";"2018-08-10T04:50:00Z";"2018-08-10T08:00:00Z"
"________20180810AF1032CDGATH01 ";"LEG";"FGRXM";"CDG ";"ATH ";"2018-08-10T18:35:00Z";"2018-08-10T21:40:00Z"
"________20180805AF1532CDGATH01 ";"LEG";"FGRHM";"CDG ";"ATH ";"2018-08-05T07:44:00Z";"2018-08-05T11:14:00Z"
"________20180805AF1232CDGATH01 ";"LEG";"FGRHR";"CDG ";"ATH ";"2018-08-05T04:49:00Z";"2018-08-05T07:59:00Z"
"________20180804AF1132CDGATH01 ";"LEG";"FGRXA";"CDG ";"ATH ";"2018-08-04T11:35:00Z";"2018-08-04T14:33:00Z"
"________20180807AF1832CDGATH01 ";"LEG";"FGRHM";"CDG ";"ATH ";"2018-08-07T10:30:00Z";"2018-08-07T13:40:00Z"
"________20180807AF1532CDGATH01 ";"LEG";"FGRHK";"CDG ";"ATH ";"2018-08-07T07:45:00Z";"2018-08-07T10:55:00Z"
"________20180807AF1432CDGATH01 ";"LEG";"FGRHS";"CDG ";"ATH ";"2018-08-07T11:10:00Z";"2018-08-07T14:20:00Z"
"________20180807AF1332CDGATH01 ";"LEG";"FGRHV";"CDG ";"ATH ";"2018-08-07T13:00:00Z";"2018-08-07T16:05:00Z"
"________20180807AF1032CDGATH01 ";"LEG";"FGRHO";"CDG ";"ATH ";"2018-08-07T18:35:00Z";"2018-08-07T21:40:00Z"
"________20180806AF1832CDGATH01 ";"LEG";"FGRHY";"CDG ";"ATH ";"2018-08-06T10:30:00Z";"2018-08-06T13:40:00Z"
"________20180806AF1332CDGATH01 ";"LEG";"FGRHR";"CDG ";"ATH ";"2018-08-06T13:00:00Z";"2018-08-06T16:05:00Z"
"________20180806AF1232CDGATH01 ";"LEG";"FGRHV";"CDG ";"ATH ";"2018-08-06T04:50:00Z";"2018-08-06T08:00:00Z"
"________20180806AF1032CDGATH01 ";"LEG";"FGRHO";"CDG ";"ATH ";"2018-08-06T18:35:00Z";"2018-08-06T21:40:00Z"
"________20180809AF1832CDGATH01 ";"LEG";"FGRHM";"CDG ";"ATH ";"2018-08-09T10:30:00Z";"2018-08-09T13:40:00Z"
"________20180809AF1532CDGATH01 ";"LEG";"FGRXL";"CDG ";"ATH ";"2018-08-09T07:45:00Z";"2018-08-09T10:55:00Z"
"________20180809AF1332CDGATH01 ";"LEG";"FGRHY";"CDG ";"ATH ";"2018-08-09T13:00:00Z";"2018-08-09T16:05:00Z"
"________20180809AF1032CDGATH01 ";"LEG";"FGRHH";"CDG ";"ATH ";"2018-08-09T18:35:00Z";"2018-08-09T21:40:00Z"
"________20180808AF1832CDGATH01 ";"LEG";"FGRHV";"CDG ";"ATH ";"2018-08-08T10:30:00Z";"2018-08-08T13:40:00Z"
"________20180808AF1532CDGATH01 ";"LEG";"FGRXK";"CDG ";"ATH ";"2018-08-08T07:45:00Z";"2018-08-08T10:55:00Z"
"________20180808AF1232CDGATH01 ";"LEG";"FGRHL";"CDG ";"ATH ";"2018-08-08T04:50:00Z";"2018-08-08T08:00:00Z"
"________20180808AF1032CDGATH01 ";"LEG";"FGRXJ";"CDG ";"ATH ";"2018-08-08T18:35:00Z";"2018-08-08T21:40:00Z"
"________20180805AF1350CDGCPH01 ";"LEG";"FGRHR";"CDG ";"CPH ";"2018-08-05T19:00:00Z";"2018-08-05T20:55:00Z"
"________20180806AF1850CDGCPH01 ";"LEG";"FGRHF";"CDG ";"CPH ";"2018-08-06T10:25:00Z";"2018-08-06T12:15:00Z"
"________20180806AF1350CDGCPH01 ";"LEG";"FGRHV";"CDG ";"CPH ";"2018-08-06T19:00:00Z";"2018-08-06T20:55:00Z"
"________20180810AF1850CDGCPH01 ";"LEG";"FGRHF";"CDG ";"CPH ";"2018-08-10T10:25:00Z";"2018-08-10T12:15:00Z"
"________20180810AF1350CDGCPH01 ";"LEG";"FGRXC";"CDG ";"CPH ";"2018-08-10T19:00:00Z";"2018-08-10T20:55:00Z"
"________20180808AF1350CDGCPH01 ";"LEG";"FGRHF";"CDG ";"CPH ";"2018-08-08T19:00:00Z";"2018-08-08T20:55:00Z"
"________20180809AF1750CDGCPH01 ";"LEG";"FGRXC";"CDG ";"CPH ";"2018-08-09T05:10:00Z";"2018-08-09T07:00:00Z"
"________20180809AF1350CDGCPH01 ";"LEG";"FGRXC";"CDG ";"CPH ";"2018-08-09T19:00:00Z";"2018-08-09T20:55:00Z"
"________20180807AF1614CDGZRH01 ";"LEG";"FGRHU";"CDG ";"ZRH ";"2018-08-07T10:55:00Z";"2018-08-07T12:10:00Z"
"________20180807AF1114CDGZRH01 ";"LEG";"FGRXL";"CDG ";"ZRH ";"2018-08-07T05:35:00Z";"2018-08-07T06:50:00Z"
"________20180806AF1614CDGZRH01 ";"LEG";"FGRHL";"CDG ";"ZRH ";"2018-08-06T10:55:00Z";"2018-08-06T12:10:00Z"
"________20180806AF1114CDGZRH01 ";"LEG";"FGRXL";"CDG ";"ZRH ";"2018-08-06T05:35:00Z";"2018-08-06T06:50:00Z"
"________20180810AF1614CDGZRH01 ";"LEG";"FGRHU";"CDG ";"ZRH ";"2018-08-10T10:55:00Z";"2018-08-10T12:10:00Z"
"________20180810AF1114CDGZRH01 ";"LEG";"FGRXJ";"CDG ";"ZRH ";"2018-08-10T05:35:00Z";"2018-08-10T06:50:00Z"
"________20180809AF7589AJACDG01 ";"LEG";"FGRXJ";"AJA ";"CDG ";"2018-08-09T10:05:00Z";"2018-08-09T12:00:00Z"
"________20180805AF1855ALGCDG01 ";"LEG";"FGRXJ";"ALG ";"CDG ";"2018-08-05T10:47:00Z";"2018-08-05T13:07:00Z"
"________20180805AF1555ALGCDG01 ";"LEG";"FGRHH";"ALG ";"CDG ";"2018-08-05T09:05:00Z";"2018-08-05T11:26:00Z"
"________20180805AF1355ALGCDG01 ";"LEG";"FGRXD";"ALG ";"CDG ";"2018-08-05T04:44:00Z";"2018-08-05T07:03:00Z"
"________20180806AF1855ALGCDG01 ";"LEG";"FGRHN";"ALG ";"CDG ";"2018-08-06T10:40:00Z";"2018-08-06T13:00:00Z"
"________20180806AF1755ALGCDG01 ";"LEG";"FGRHT";"ALG ";"CDG ";"2018-08-06T17:55:00Z";"2018-08-06T20:20:00Z"
"________20180806AF1555ALGCDG01 ";"LEG";"FGRHZ";"ALG ";"CDG ";"2018-08-06T08:35:00Z";"2018-08-06T11:00:00Z"
"________20180806AF1355ALGCDG01 ";"LEG";"FGRHH";"ALG ";"CDG ";"2018-08-06T04:45:00Z";"2018-08-06T07:10:00Z"
"________20180807AF1855ALGCDG01 ";"LEG";"FGRHB";"ALG ";"CDG ";"2018-08-07T10:40:00Z";"2018-08-07T13:00:00Z"
"________20180807AF1755ALGCDG01 ";"LEG";"FGRHR";"ALG ";"CDG ";"2018-08-07T17:55:00Z";"2018-08-07T20:20:00Z"
"________20180807AF1555ALGCDG01 ";"LEG";"FGRHH";"ALG ";"CDG ";"2018-08-07T08:35:00Z";"2018-08-07T11:00:00Z"
"________20180807AF1355ALGCDG01 ";"LEG";"FGRXK";"ALG ";"CDG ";"2018-08-07T04:45:00Z";"2018-08-07T07:10:00Z"
"________20180810AF1855ALGCDG01 ";"LEG";"FGRHY";"ALG ";"CDG ";"2018-08-10T10:40:00Z";"2018-08-10T13:00:00Z"
"________20180810AF1755ALGCDG01 ";"LEG";"FGRHH";"ALG ";"CDG ";"2018-08-10T17:55:00Z";"2018-08-10T20:20:00Z"
"________20180810AF1555ALGCDG01 ";"LEG";"FGRXL";"ALG ";"CDG ";"2018-08-10T08:35:00Z";"2018-08-10T11:00:00Z"
"________20180810AF1355ALGCDG01 ";"LEG";"FGRHN";"ALG ";"CDG ";"2018-08-10T04:45:00Z";"2018-08-10T07:10:00Z"
"________20180808AF1855ALGCDG01 ";"LEG";"FGRXD";"ALG ";"CDG ";"2018-08-08T10:40:00Z";"2018-08-08T13:00:00Z"
"________20180808AF1755ALGCDG01 ";"LEG";"FGRHL";"ALG ";"CDG ";"2018-08-08T17:55:00Z";"2018-08-08T20:20:00Z"
"________20180808AF1555ALGCDG01 ";"LEG";"FGRHS";"ALG ";"CDG ";"2018-08-08T08:35:00Z";"2018-08-08T11:00:00Z"
"________20180808AF1455ALGCDG01 ";"LEG";"FGRXM";"ALG ";"CDG ";"2018-08-08T09:30:00Z";"2018-08-08T11:55:00Z"
"________20180808AF1355ALGCDG01 ";"LEG";"FGRHT";"ALG ";"CDG ";"2018-08-08T04:45:00Z";"2018-08-08T07:10:00Z"
"________20180809AF1855ALGCDG01 ";"LEG";"FGRHN";"ALG ";"CDG ";"2018-08-09T10:40:00Z";"2018-08-09T13:00:00Z"
"________20180809AF1755ALGCDG01 ";"LEG";"FGRHZ";"ALG ";"CDG ";"2018-08-09T17:55:00Z";"2018-08-09T20:20:00Z"
"________20180809AF1355ALGCDG01 ";"LEG";"FGRHS";"ALG ";"CDG ";"2018-08-09T04:45:00Z";"2018-08-09T07:10:00Z"
"________20180805AF1141AMSCDG01 ";"LEG";"FGRXM";"AMS ";"CDG ";"2018-08-05T16:45:00Z";"2018-08-05T18:00:00Z"
"________20180805AF1441AMSCDG01 ";"LEG";"FGRHK";"AMS ";"CDG ";"2018-08-05T18:30:00Z";"2018-08-05T19:50:00Z"
"________20180806AF1441AMSCDG01 ";"LEG";"FGRHF";"AMS ";"CDG ";"2018-08-06T18:30:00Z";"2018-08-06T19:50:00Z"
"________20180807AF1341AMSCDG01 ";"LEG";"FGRXM";"AMS ";"CDG ";"2018-08-07T08:35:00Z";"2018-08-07T09:55:00Z"
"________20180807AF1441AMSCDG01 ";"LEG";"FGRXM";"AMS ";"CDG ";"2018-08-07T18:30:00Z";"2018-08-07T19:50:00Z"
"________20180810AF1441AMSCDG01 ";"LEG";"FGRHM";"AMS ";"CDG ";"2018-08-10T18:30:00Z";"2018-08-10T19:50:00Z"
"________20180808AF1141AMSCDG01 ";"LEG";"FGRHY";"AMS ";"CDG ";"2018-08-08T16:45:00Z";"2018-08-08T18:00:00Z"
"________20180808AF1441AMSCDG01 ";"LEG";"FGRHM";"AMS ";"CDG ";"2018-08-08T18:30:00Z";"2018-08-08T19:50:00Z"
"________20180809AF1141AMSCDG01 ";"LEG";"FGRXA";"AMS ";"CDG ";"2018-08-09T16:45:00Z";"2018-08-09T18:00:00Z"
"________20180809AF1441AMSCDG01 ";"LEG";"FGRXL";"AMS ";"CDG ";"2018-08-09T18:30:00Z";"2018-08-09T19:50:00Z"
"________20180805AF1533ATHCDG01 ";"LEG";"FGRHM";"ATH ";"CDG ";"2018-08-05T12:03:00Z";"2018-08-05T15:23:00Z"
"________20180805AF1033ATHCDG01 ";"LEG";"FGRHV";"ATH ";"CDG ";"2018-08-05T02:52:00Z";"2018-08-05T06:19:00Z"
"________20180805AF1233ATHCDG01 ";"LEG";"FGRHR";"ATH ";"CDG ";"2018-08-05T08:58:00Z";"2018-08-05T12:16:00Z"
"________20180805AF1463ARNCDG01 ";"LEG";"FGRHM";"ARN ";"CDG ";"2018-08-05T03:59:00Z";"2018-08-05T06:39:00Z"
"________20180805AF1263ARNCDG01 ";"LEG";"FGRHV";"ARN ";"CDG ";"2018-08-05T10:52:00Z";"2018-08-05T13:21:00Z"
"________20180806AF1463ARNCDG01 ";"LEG";"FGRHS";"ARN ";"CDG ";"2018-08-06T04:05:00Z";"2018-08-06T06:50:00Z"
"________20180807AF1833ATHCDG01 ";"LEG";"FGRHM";"ATH ";"CDG ";"2018-08-07T14:30:00Z";"2018-08-07T17:55:00Z"
"________20180807AF1433ATHCDG01 ";"LEG";"FGRHS";"ATH ";"CDG ";"2018-08-07T15:15:00Z";"2018-08-07T18:40:00Z"
"________20180807AF1533ATHCDG01 ";"LEG";"FGRHK";"ATH ";"CDG ";"2018-08-07T11:45:00Z";"2018-08-07T15:10:00Z"
"________20180807AF1033ATHCDG01 ";"LEG";"FGRHO";"ATH ";"CDG ";"2018-08-07T03:00:00Z";"2018-08-07T06:30:00Z"
"________20180807AF1333ATHCDG01 ";"LEG";"FGRHV";"ATH ";"CDG ";"2018-08-07T16:55:00Z";"2018-08-07T20:20:00Z"
"________20180807AF1463ARNCDG01 ";"LEG";"FGRHK";"ARN ";"CDG ";"2018-08-07T04:05:00Z";"2018-08-07T06:50:00Z"
"________20180806AF1833ATHCDG01 ";"LEG";"FGRHY";"ATH ";"CDG ";"2018-08-06T14:30:00Z";"2018-08-06T17:55:00Z"
"________20180807AF1063ARNCDG01 ";"LEG";"FGRHY";"ARN ";"CDG ";"2018-08-07T17:40:00Z";"2018-08-07T20:20:00Z"
"________20180806AF1233ATHCDG01 ";"LEG";"FGRHV";"ATH ";"CDG ";"2018-08-06T08:50:00Z";"2018-08-06T12:15:00Z"
"________20180806AF1333ATHCDG01 ";"LEG";"FGRHR";"ATH ";"CDG ";"2018-08-06T16:55:00Z";"2018-08-06T20:20:00Z"
"________20180810AF1463ARNCDG01 ";"LEG";"FGRHV";"ARN ";"CDG ";"2018-08-10T04:05:00Z";"2018-08-10T06:50:00Z"
"________20180810AF1533ATHCDG01 ";"LEG";"FGRHV";"ATH ";"CDG ";"2018-08-10T11:45:00Z";"2018-08-10T15:10:00Z"
"________20180810AF1033ATHCDG01 ";"LEG";"FGRHH";"ATH ";"CDG ";"2018-08-10T03:00:00Z";"2018-08-10T06:30:00Z"
"________20180810AF1233ATHCDG01 ";"LEG";"FGRHO";"ATH ";"CDG ";"2018-08-10T08:50:00Z";"2018-08-10T12:15:00Z"
"________20180810AF1333ATHCDG01 ";"LEG";"FGRXA";"ATH ";"CDG ";"2018-08-10T16:55:00Z";"2018-08-10T20:20:00Z"
"________20180808AF1463ARNCDG01 ";"LEG";"FGRXK";"ARN ";"CDG ";"2018-08-08T04:05:00Z";"2018-08-08T06:50:00Z"
"________20180809AF1833ATHCDG01 ";"LEG";"FGRHM";"ATH ";"CDG ";"2018-08-09T14:30:00Z";"2018-08-09T17:55:00Z"
"________20180809AF1533ATHCDG01 ";"LEG";"FGRXL";"ATH ";"CDG ";"2018-08-09T11:45:00Z";"2018-08-09T15:10:00Z"
"________20180809AF1033ATHCDG01 ";"LEG";"FGRXJ";"ATH ";"CDG ";"2018-08-09T03:00:00Z";"2018-08-09T06:30:00Z"
"________20180809AF1333ATHCDG01 ";"LEG";"FGRHY";"ATH ";"CDG ";"2018-08-09T16:55:00Z";"2018-08-09T20:20:00Z"
"________20180809AF1463ARNCDG01 ";"LEG";"FGRHK";"ARN ";"CDG ";"2018-08-09T04:05:00Z";"2018-08-09T06:50:00Z"
"________20180808AF1833ATHCDG01 ";"LEG";"FGRHV";"ATH ";"CDG ";"2018-08-08T14:30:00Z";"2018-08-08T17:55:00Z"
"________20180809AF1263ARNCDG01 ";"LEG";"FGRHV";"ARN ";"CDG ";"2018-08-09T10:40:00Z";"2018-08-09T13:20:00Z"
"________20180808AF1533ATHCDG01 ";"LEG";"FGRXK";"ATH ";"CDG ";"2018-08-08T11:45:00Z";"2018-08-08T15:10:00Z"
"________20180808AF1033ATHCDG01 ";"LEG";"FGRHO";"ATH ";"CDG ";"2018-08-08T03:00:00Z";"2018-08-08T06:30:00Z"
"________20180808AF1233ATHCDG01 ";"LEG";"FGRHL";"ATH ";"CDG ";"2018-08-08T08:50:00Z";"2018-08-08T12:15:00Z"
"________20180805AF1229BLQCDG01 ";"LEG";"FGRXM";"BLQ ";"CDG ";"2018-08-05T07:54:00Z";"2018-08-05T09:33:00Z"
"________20180807AF7629BODCDG01 ";"LEG";"FGRHR";"BOD ";"CDG ";"2018-08-07T12:15:00Z";"2018-08-07T13:35:00Z"
"________20180806AF1229BLQCDG01 ";"LEG";"FGRHY";"BLQ ";"CDG ";"2018-08-06T07:45:00Z";"2018-08-06T09:30:00Z"
"________20180806AF7629BODCDG01 ";"LEG";"FGRHK";"BOD ";"CDG ";"2018-08-06T12:15:00Z";"2018-08-06T13:35:00Z"
"________20180810AF1229BLQCDG01 ";"LEG";"FGRXD";"BLQ ";"CDG ";"2018-08-10T07:45:00Z";"2018-08-10T09:30:00Z"
"________20180809AF1229BLQCDG01 ";"LEG";"FGRHM";"BLQ ";"CDG ";"2018-08-09T07:45:00Z";"2018-08-09T09:30:00Z"
"________20180809AF7629BODCDG01 ";"LEG";"FGRHZ";"BOD ";"CDG ";"2018-08-09T12:15:00Z";"2018-08-09T13:35:00Z"
"________20180809AF1329BLQCDG01 ";"LEG";"FGRHH";"BLQ ";"CDG ";"2018-08-09T15:50:00Z";"2018-08-09T17:35:00Z"
"________20180809AF1289BRICDG01 ";"LEG";"FGRXJ";"BRI ";"CDG ";"2018-08-09T15:50:00Z";"2018-08-09T18:05:00Z"
"________20180805AF1495BUDCDG01 ";"LEG";"FGRHT";"BUD ";"CDG ";"2018-08-05T16:15:00Z";"2018-08-05T18:35:00Z"
"________20180805AF1395BUDCDG01 ";"LEG";"FGRXL";"BUD ";"CDG ";"2018-08-05T07:45:00Z";"2018-08-05T10:06:00Z"
"________20180806AF1165BHXCDG01 ";"LEG";"FGRXF";"BHX ";"CDG ";"2018-08-06T07:10:00Z";"2018-08-06T08:30:00Z"
"________20180807AF7625BODCDG01 ";"LEG";"FGRHY";"BOD ";"CDG ";"2018-08-07T08:15:00Z";"2018-08-07T09:35:00Z"
"________20180806AF7625BODCDG01 ";"LEG";"FGRHF";"BOD ";"CDG ";"2018-08-06T08:15:00Z";"2018-08-06T09:35:00Z"
"________20180809AF1165BHXCDG01 ";"LEG";"FGRHL";"BHX ";"CDG ";"2018-08-09T07:10:00Z";"2018-08-09T08:30:00Z"
"________20180807AF7737BESCDG01 ";"LEG";"FGRXM";"BES ";"CDG ";"2018-08-07T04:05:00Z";"2018-08-07T05:25:00Z"
"________20180809AF7627BODCDG01 ";"LEG";"FGRHF";"BOD ";"CDG ";"2018-08-09T09:35:00Z";"2018-08-09T10:55:00Z"
"________20180809AF7637BODCDG01 ";"LEG";"FGRHV";"BOD ";"CDG ";"2018-08-09T16:15:00Z";"2018-08-09T17:35:00Z"
"________20180810AF7621BODCDG01 ";"LEG";"FGRXA";"BOD ";"CDG ";"2018-08-10T04:00:00Z";"2018-08-10T05:20:00Z"
"________20180809AF7621BODCDG01 ";"LEG";"FGRHY";"BOD ";"CDG ";"2018-08-09T04:00:00Z";"2018-08-09T05:20:00Z"
"________20180805AF1253BGOCDG01 ";"LEG";"FGRXA";"BGO ";"CDG ";"2018-08-05T15:40:00Z";"2018-08-05T18:00:00Z"
"________20180806AF1253BGOCDG01 ";"LEG";"FGRHU";"BGO ";"CDG ";"2018-08-06T15:40:00Z";"2018-08-06T18:00:00Z"
"________20180807AF1253BGOCDG01 ";"LEG";"FGRHF";"BGO ";"CDG ";"2018-08-07T15:50:00Z";"2018-08-07T18:10:00Z"
"________20180810AF1253BGOCDG01 ";"LEG";"FGRHZ";"BGO ";"CDG ";"2018-08-10T15:40:00Z";"2018-08-10T18:00:00Z"
"________20180808AF1253BGOCDG01 ";"LEG";"FGRHO";"BGO ";"CDG ";"2018-08-08T15:40:00Z";"2018-08-08T18:00:00Z"
"________20180810AF1854CDGALG01 ";"LEG";"FGRHY";"CDG ";"ALG ";"2018-08-10T07:15:00Z";"2018-08-10T09:30:00Z"
"________20180810AF1754CDGALG01 ";"LEG";"FGRHH";"CDG ";"ALG ";"2018-08-10T14:30:00Z";"2018-08-10T16:45:00Z"
"________20180810AF1554CDGALG01 ";"LEG";"FGRXL";"CDG ";"ALG ";"2018-08-10T05:10:00Z";"2018-08-10T07:25:00Z"
"________20180810AF1354CDGALG01 ";"LEG";"FGRXL";"CDG ";"ALG ";"2018-08-10T18:50:00Z";"2018-08-10T21:10:00Z"
"________20180805AF1854CDGALG01 ";"LEG";"FGRXJ";"CDG ";"ALG ";"2018-08-05T07:22:00Z";"2018-08-05T09:37:00Z"
"________20180805AF1554CDGALG01 ";"LEG";"FGRHH";"CDG ";"ALG ";"2018-08-05T05:21:00Z";"2018-08-05T07:40:00Z"
"________20180805AF1354CDGALG01 ";"LEG";"FGRHH";"CDG ";"ALG ";"2018-08-05T18:50:00Z";"2018-08-05T21:10:00Z"
"________20180806AF1854CDGALG01 ";"LEG";"FGRHN";"CDG ";"ALG ";"2018-08-06T07:15:00Z";"2018-08-06T09:30:00Z"
"________20180806AF1754CDGALG01 ";"LEG";"FGRHT";"CDG ";"ALG ";"2018-08-06T14:30:00Z";"2018-08-06T16:45:00Z"
"________20180806AF1554CDGALG01 ";"LEG";"FGRHZ";"CDG ";"ALG ";"2018-08-06T05:10:00Z";"2018-08-06T07:25:00Z"
"________20180806AF1354CDGALG01 ";"LEG";"FGRXK";"CDG ";"ALG ";"2018-08-06T18:50:00Z";"2018-08-06T21:10:00Z"
"________20180807AF1854CDGALG01 ";"LEG";"FGRHB";"CDG ";"ALG ";"2018-08-07T07:15:00Z";"2018-08-07T09:30:00Z"
"________20180807AF1754CDGALG01 ";"LEG";"FGRHR";"CDG ";"ALG ";"2018-08-07T14:30:00Z";"2018-08-07T16:45:00Z"
"________20180807AF1554CDGALG01 ";"LEG";"FGRHH";"CDG ";"ALG ";"2018-08-07T05:10:00Z";"2018-08-07T07:25:00Z"
"________20180807AF1354CDGALG01 ";"LEG";"FGRHT";"CDG ";"ALG ";"2018-08-07T18:50:00Z";"2018-08-07T21:10:00Z"
"________20180808AF1854CDGALG01 ";"LEG";"FGRXD";"CDG ";"ALG ";"2018-08-08T07:15:00Z";"2018-08-08T09:30:00Z"
"________20180808AF1754CDGALG01 ";"LEG";"FGRHL";"CDG ";"ALG ";"2018-08-08T14:30:00Z";"2018-08-08T16:45:00Z"
"________20180808AF1554CDGALG01 ";"LEG";"FGRHS";"CDG ";"ALG ";"2018-08-08T05:10:00Z";"2018-08-08T07:25:00Z"
"________20180808AF1454CDGALG01 ";"LEG";"FGRXM";"CDG ";"ALG ";"2018-08-08T06:00:00Z";"2018-08-08T08:15:00Z"
"________20180808AF1354CDGALG01 ";"LEG";"FGRHS";"CDG ";"ALG ";"2018-08-08T18:50:00Z";"2018-08-08T21:10:00Z"
"________20180809AF1854CDGALG01 ";"LEG";"FGRHN";"CDG ";"ALG ";"2018-08-09T07:15:00Z";"2018-08-09T09:30:00Z"
"________20180809AF1754CDGALG01 ";"LEG";"FGRHZ";"CDG ";"ALG ";"2018-08-09T14:30:00Z";"2018-08-09T16:45:00Z"
"________20180809AF1354CDGALG01 ";"LEG";"FGRHN";"CDG ";"ALG ";"2018-08-09T18:50:00Z";"2018-08-09T21:10:00Z"
"________20180807AF1597CMNCDG01 ";"LEG";"FGRHT";"CMN ";"CDG ";"2018-08-07T14:50:00Z";"2018-08-07T17:50:00Z"
"________20180806AF1597CMNCDG01 ";"LEG";"FGRXK";"CMN ";"CDG ";"2018-08-06T14:50:00Z";"2018-08-06T17:50:00Z"
"________20180805AF1597CMNCDG01 ";"LEG";"FGRHB";"CMN ";"CDG ";"2018-08-05T14:50:00Z";"2018-08-05T17:50:00Z"
"________20180805AF1197CMNCDG01 ";"LEG";"FGRXF";"CMN ";"CDG ";"2018-08-05T17:10:00Z";"2018-08-05T20:10:00Z"
"________20180810AF1597CMNCDG01 ";"LEG";"FGRHS";"CMN ";"CDG ";"2018-08-10T14:50:00Z";"2018-08-10T17:50:00Z"
"________20180810AF1497CMNCDG01 ";"LEG";"FGRHS";"CMN ";"CDG ";"2018-08-10T06:40:00Z";"2018-08-10T09:45:00Z"
"________20180809AF1597CMNCDG01 ";"LEG";"FGRXK";"CMN ";"CDG ";"2018-08-09T14:50:00Z";"2018-08-09T17:50:00Z"
"________20180809AF1197CMNCDG01 ";"LEG";"FGRXM";"CMN ";"CDG ";"2018-08-09T17:10:00Z";"2018-08-09T20:10:00Z"
"________20180808AF1597CMNCDG01 ";"LEG";"FGRHR";"CMN ";"CDG ";"2018-08-08T14:50:00Z";"2018-08-08T17:50:00Z"
"________20180808AF1197CMNCDG01 ";"LEG";"FGRHB";"CMN ";"CDG ";"2018-08-08T17:10:00Z";"2018-08-08T20:10:00Z"
"________20180806AF1291CTACDG01 ";"LEG";"FGRHO";"CTA ";"CDG ";"2018-08-06T14:50:00Z";"2018-08-06T17:35:00Z"
"________20180805AF1351CPHCDG01 ";"LEG";"FGRHS";"CPH ";"CDG ";"2018-08-05T04:04:00Z";"2018-08-05T06:03:00Z"
"________20180806AF1851CPHCDG01 ";"LEG";"FGRHF";"CPH ";"CDG ";"2018-08-06T13:05:00Z";"2018-08-06T15:05:00Z"
"________20180806AF1351CPHCDG01 ";"LEG";"FGRHR";"CPH ";"CDG ";"2018-08-06T04:05:00Z";"2018-08-06T06:05:00Z"
"________20180807AF1351CPHCDG01 ";"LEG";"FGRHV";"CPH ";"CDG ";"2018-08-07T04:05:00Z";"2018-08-07T06:05:00Z"
"________20180810AF1851CPHCDG01 ";"LEG";"FGRHF";"CPH ";"CDG ";"2018-08-10T13:05:00Z";"2018-08-10T15:05:00Z"
"________20180810AF1351CPHCDG01 ";"LEG";"FGRXC";"CPH ";"CDG ";"2018-08-10T04:05:00Z";"2018-08-10T06:05:00Z"
"________20180810AF1291CTACDG01 ";"LEG";"FGRXM";"CTA ";"CDG ";"2018-08-10T14:50:00Z";"2018-08-10T17:35:00Z"
"________20180809AF1751CPHCDG01 ";"LEG";"FGRXC";"CPH ";"CDG ";"2018-08-09T07:50:00Z";"2018-08-09T09:50:00Z"
"________20180809AF1351CPHCDG01 ";"LEG";"FGRHF";"CPH ";"CDG ";"2018-08-09T04:05:00Z";"2018-08-09T06:05:00Z"
"________20180808AF1291CTACDG01 ";"LEG";"FGRHK";"CTA ";"CDG ";"2018-08-08T14:50:00Z";"2018-08-08T17:35:00Z"
"________20180806AF1252CDGBGO01 ";"LEG";"FGRHU";"CDG ";"BGO ";"2018-08-06T12:40:00Z";"2018-08-06T14:55:00Z"
"________20180807AF1252CDGBGO01 ";"LEG";"FGRHF";"CDG ";"BGO ";"2018-08-07T12:50:00Z";"2018-08-07T15:05:00Z"
"________20180805AF1252CDGBGO01 ";"LEG";"FGRXA";"CDG ";"BGO ";"2018-08-05T12:50:00Z";"2018-08-05T15:03:00Z"
"________20180810AF1252CDGBGO01 ";"LEG";"FGRHZ";"CDG ";"BGO ";"2018-08-10T12:40:00Z";"2018-08-10T14:55:00Z"
"________20180808AF1252CDGBGO01 ";"LEG";"FGRHO";"CDG ";"BGO ";"2018-08-08T12:40:00Z";"2018-08-08T14:55:00Z"
"________20180808AF1146CDGWAW01 ";"LEG";"FGRXJ";"CDG ";"WAW ";"2018-08-08T07:35:00Z";"2018-08-08T09:50:00Z"
"________20180809AF1346CDGWAW01 ";"LEG";"FGRXC";"CDG ";"WAW ";"2018-08-09T11:10:00Z";"2018-08-09T13:25:00Z"
"________20180809AF1146CDGWAW01 ";"LEG";"FGRHK";"CDG ";"WAW ";"2018-08-09T07:35:00Z";"2018-08-09T09:50:00Z"
"________20180805AF1146CDGWAW01 ";"LEG";"FGRHF";"CDG ";"WAW ";"2018-08-05T07:43:00Z";"2018-08-05T09:51:00Z"
"________20180806AF1146CDGWAW01 ";"LEG";"FGRHS";"CDG ";"WAW ";"2018-08-06T07:35:00Z";"2018-08-06T09:50:00Z"
"________20180807AF1146CDGWAW01 ";"LEG";"FGRHO";"CDG ";"WAW ";"2018-08-07T07:35:00Z";"2018-08-07T09:50:00Z"
"________20180810AF1146CDGWAW01 ";"LEG";"FGRHH";"CDG ";"WAW ";"2018-08-10T07:35:00Z";"2018-08-10T09:50:00Z"
"________20180807AF1560CDGZAG01 ";"LEG";"FGRXL";"CDG ";"ZAG ";"2018-08-07T10:30:00Z";"2018-08-07T12:25:00Z"
"________20180805AF1144CDGSVO01 ";"LEG";"FGRXK";"CDG ";"SVO ";"2018-08-05T17:30:00Z";"2018-08-05T21:05:00Z"
"________20180805AF1044CDGSVO01 ";"LEG";"FGRXK";"CDG ";"SVO ";"2018-08-05T07:37:00Z";"2018-08-05T11:11:00Z"
"________20180805AF1844CDGSVO01 ";"LEG";"FGRXJ";"CDG ";"SVO ";"2018-08-05T18:40:00Z";"2018-08-05T22:25:00Z"
"________20180806AF1144CDGSVO01 ";"LEG";"FGRXC";"CDG ";"SVO ";"2018-08-06T17:30:00Z";"2018-08-06T21:05:00Z"
"________20180806AF1044CDGSVO01 ";"LEG";"FGRXC";"CDG ";"SVO ";"2018-08-06T07:30:00Z";"2018-08-06T11:10:00Z"
"________20180806AF1844CDGSVO01 ";"LEG";"FGRHN";"CDG ";"SVO ";"2018-08-06T18:40:00Z";"2018-08-06T22:25:00Z"
"________20180807AF1144CDGSVO01 ";"LEG";"FGRXF";"CDG ";"SVO ";"2018-08-07T17:30:00Z";"2018-08-07T21:05:00Z"
"________20180807AF1044CDGSVO01 ";"LEG";"FGRXD";"CDG ";"SVO ";"2018-08-07T07:30:00Z";"2018-08-07T11:10:00Z"
"________20180807AF1844CDGSVO01 ";"LEG";"FGRHB";"CDG ";"SVO ";"2018-08-07T18:40:00Z";"2018-08-07T22:25:00Z"
"________20180810AF1144CDGSVO01 ";"LEG";"FGRHR";"CDG ";"SVO ";"2018-08-10T17:30:00Z";"2018-08-10T21:05:00Z"
"________20180810AF1044CDGSVO01 ";"LEG";"FGRHR";"CDG ";"SVO ";"2018-08-10T07:30:00Z";"2018-08-10T11:10:00Z"
"________20180810AF1844CDGSVO01 ";"LEG";"FGRXF";"CDG ";"SVO ";"2018-08-10T18:40:00Z";"2018-08-10T22:25:00Z"
"________20180808AF1144CDGSVO01 ";"LEG";"FGRHH";"CDG ";"SVO ";"2018-08-08T17:30:00Z";"2018-08-08T21:05:00Z"
"________20180808AF1044CDGSVO01 ";"LEG";"FGRHN";"CDG ";"SVO ";"2018-08-08T07:30:00Z";"2018-08-08T11:10:00Z"
"________20180808AF1844CDGSVO01 ";"LEG";"FGRXF";"CDG ";"SVO ";"2018-08-08T18:40:00Z";"2018-08-08T22:25:00Z"
"________20180809AF1144CDGSVO01 ";"LEG";"FGRHL";"CDG ";"SVO ";"2018-08-09T17:30:00Z";"2018-08-09T21:05:00Z"
"________20180809AF1044CDGSVO01 ";"LEG";"FGRHT";"CDG ";"SVO ";"2018-08-09T07:30:00Z";"2018-08-09T11:10:00Z"
"________20180809AF1844CDGSVO01 ";"LEG";"FGRXF";"CDG ";"SVO ";"2018-08-09T18:40:00Z";"2018-08-09T22:25:00Z"
"________20180805AF1428CDGOPO01 ";"LEG";"FGRXA";"CDG ";"OPO ";"2018-08-05T06:11:00Z";"2018-08-05T08:24:00Z"
"________20180807AF1382CDGPRG01 ";"LEG";"FGRHM";"CDG ";"PRG ";"2018-08-07T05:20:00Z";"2018-08-07T07:00:00Z"
"________20180808AF1582CDGPRG01 ";"LEG";"FGRXK";"CDG ";"PRG ";"2018-08-08T16:10:00Z";"2018-08-08T17:45:00Z"
"________20180809AF1817DUBCDG01 ";"LEG";"FGRHB";"DUB ";"CDG ";"2018-08-09T13:10:00Z";"2018-08-09T14:55:00Z"
"________20180809AF1287DBVCDG01 ";"LEG";"FGRXF";"DBV ";"CDG ";"2018-08-09T14:05:00Z";"2018-08-09T16:35:00Z"
"________20180806AF7587FSCCDG01 ";"LEG";"FGRHU";"FSC ";"CDG ";"2018-08-06T10:05:00Z";"2018-08-06T11:55:00Z"
"________20180808AF7587FSCCDG01 ";"LEG";"FGRHO";"FSC ";"CDG ";"2018-08-08T10:05:00Z";"2018-08-08T11:55:00Z"
"________20180805AF1643GVACDG01 ";"LEG";"FGRHK";"GVA ";"CDG ";"2018-08-05T08:43:00Z";"2018-08-05T09:53:00Z"
"________20180805AF1443GVACDG01 ";"LEG";"FGRXM";"GVA ";"CDG ";"2018-08-05T12:56:00Z";"2018-08-05T13:54:00Z"
"________20180805AF1243GVACDG01 ";"LEG";"FGRHF";"GVA ";"CDG ";"2018-08-05T05:19:00Z";"2018-08-05T06:26:00Z"
"________20180806AF1643GVACDG01 ";"LEG";"FGRHL";"GVA ";"CDG ";"2018-08-06T08:25:00Z";"2018-08-06T09:40:00Z"
"________20180806AF1243GVACDG01 ";"LEG";"FGRHU";"GVA ";"CDG ";"2018-08-06T05:20:00Z";"2018-08-06T06:35:00Z"
"________20180807AF1343GVACDG01 ";"LEG";"FGRHO";"GVA ";"CDG ";"2018-08-07T16:05:00Z";"2018-08-07T17:20:00Z"
"________20180808AF1643GVACDG01 ";"LEG";"FGRHZ";"GVA ";"CDG ";"2018-08-08T08:25:00Z";"2018-08-08T09:40:00Z"
"________20180808AF1343GVACDG01 ";"LEG";"FGRXJ";"GVA ";"CDG ";"2018-08-08T16:05:00Z";"2018-08-08T17:20:00Z"
"________20180809AF1643GVACDG01 ";"LEG";"FGRHO";"GVA ";"CDG ";"2018-08-09T08:25:00Z";"2018-08-09T09:40:00Z"
"________20180809AF1343GVACDG01 ";"LEG";"FGRHK";"GVA ";"CDG ";"2018-08-09T16:05:00Z";"2018-08-09T17:20:00Z"
"________20180805AF1511HAMCDG01 ";"LEG";"FGRHF";"HAM ";"CDG ";"2018-08-05T16:10:00Z";"2018-08-05T17:45:00Z"
"________20180805AF1611HAMCDG01 ";"LEG";"FGRHT";"HAM ";"CDG ";"2018-08-05T04:03:00Z";"2018-08-05T05:35:00Z"
"________20180807AF1511HAMCDG01 ";"LEG";"FGRXK";"HAM ";"CDG ";"2018-08-07T16:10:00Z";"2018-08-07T17:45:00Z"
"________20180807AF1711HAMCDG01 ";"LEG";"FGRHL";"HAM ";"CDG ";"2018-08-07T12:40:00Z";"2018-08-07T14:15:00Z"
"________20180806AF1511HAMCDG01 ";"LEG";"FGRHS";"HAM ";"CDG ";"2018-08-06T16:10:00Z";"2018-08-06T17:45:00Z"
"________20180806AF1711HAMCDG01 ";"LEG";"FGRXL";"HAM ";"CDG ";"2018-08-06T12:40:00Z";"2018-08-06T14:15:00Z"
"________20180810AF1511HAMCDG01 ";"LEG";"FGRHO";"HAM ";"CDG ";"2018-08-10T16:10:00Z";"2018-08-10T17:45:00Z"
"________20180810AF1711HAMCDG01 ";"LEG";"FGRXJ";"HAM ";"CDG ";"2018-08-10T12:40:00Z";"2018-08-10T14:15:00Z"
"________20180808AF1511HAMCDG01 ";"LEG";"FGRXL";"HAM ";"CDG ";"2018-08-08T16:10:00Z";"2018-08-08T17:45:00Z"
"________20180805AF1191IBZCDG01 ";"LEG";"FGRXL";"IBZ ";"CDG ";"2018-08-05T14:00:00Z";"2018-08-05T15:55:00Z"
"________20180808AF1191IBZCDG01 ";"LEG";"FGRHU";"IBZ ";"CDG ";"2018-08-08T14:00:00Z";"2018-08-08T15:55:00Z"
"________20180807AF1596CDGCMN01 ";"LEG";"FGRHT";"CDG ";"CMN ";"2018-08-07T10:45:00Z";"2018-08-07T13:50:00Z"
"________20180806AF1596CDGCMN01 ";"LEG";"FGRXK";"CDG ";"CMN ";"2018-08-06T10:45:00Z";"2018-08-06T13:50:00Z"
"________20180805AF1596CDGCMN01 ";"LEG";"FGRHB";"CDG ";"CMN ";"2018-08-05T11:07:00Z";"2018-08-05T13:57:00Z"
"________20180805AF1196CDGCMN01 ";"LEG";"FGRXF";"CDG ";"CMN ";"2018-08-05T13:41:00Z";"2018-08-05T16:42:00Z"
"________20180810AF1596CDGCMN01 ";"LEG";"FGRHS";"CDG ";"CMN ";"2018-08-10T10:45:00Z";"2018-08-10T13:50:00Z"
"________20180810AF1496CDGCMN01 ";"LEG";"FGRXD";"CDG ";"CMN ";"2018-08-10T17:00:00Z";"2018-08-10T20:10:00Z"
"________20180809AF1596CDGCMN01 ";"LEG";"FGRXK";"CDG ";"CMN ";"2018-08-09T10:45:00Z";"2018-08-09T13:50:00Z"
"________20180809AF1496CDGCMN01 ";"LEG";"FGRHS";"CDG ";"CMN ";"2018-08-09T17:00:00Z";"2018-08-09T20:10:00Z"
"________20180809AF1196CDGCMN01 ";"LEG";"FGRXM";"CDG ";"CMN ";"2018-08-09T13:00:00Z";"2018-08-09T16:10:00Z"
"________20180808AF1596CDGCMN01 ";"LEG";"FGRHR";"CDG ";"CMN ";"2018-08-08T10:45:00Z";"2018-08-08T13:50:00Z"
"________20180808AF1196CDGCMN01 ";"LEG";"FGRHB";"CDG ";"CMN ";"2018-08-08T13:00:00Z";"2018-08-08T16:10:00Z"
"________20180807AF1788CDGSOF01 ";"LEG";"FGRHN";"CDG ";"SOF ";"2018-08-07T11:05:00Z";"2018-08-07T13:45:00Z"
"________20180806AF1788CDGSOF01 ";"LEG";"FGRXF";"CDG ";"SOF ";"2018-08-06T11:05:00Z";"2018-08-06T13:45:00Z"
"________20180810AF1788CDGSOF01 ";"LEG";"FGRXF";"CDG ";"SOF ";"2018-08-10T11:05:00Z";"2018-08-10T13:45:00Z"
"________20180809AF1788CDGSOF01 ";"LEG";"FGRHR";"CDG ";"SOF ";"2018-08-09T11:05:00Z";"2018-08-09T13:45:00Z"
"________20180808AF1788CDGSOF01 ";"LEG";"FGRXF";"CDG ";"SOF ";"2018-08-08T11:05:00Z";"2018-08-08T13:45:00Z"
"________20180808AF1668CDGMAN01 ";"LEG";"FGRHR";"CDG ";"MAN ";"2018-08-08T06:00:00Z";"2018-08-08T07:30:00Z"
"________20180805AF1668CDGMAN01 ";"LEG";"FGRHB";"CDG ";"MAN ";"2018-08-05T06:06:00Z";"2018-08-05T07:35:00Z"
"________20180807AF1668CDGMAN01 ";"LEG";"FGRHT";"CDG ";"MAN ";"2018-08-07T06:00:00Z";"2018-08-07T07:30:00Z"
"________20180809AF1286CDGDBV01 ";"LEG";"FGRXF";"CDG ";"DBV ";"2018-08-09T10:55:00Z";"2018-08-09T13:15:00Z"
"________20180809AF1784CDGTUN01 ";"LEG";"FGRHZ";"CDG ";"TUN ";"2018-08-09T21:30:00Z";"2018-08-09T23:50:00Z"
"________20180809AF1284CDGTUN01 ";"LEG";"FGRXD";"CDG ";"TUN ";"2018-08-09T08:05:00Z";"2018-08-09T10:30:00Z"
"________20180808AF1784CDGTUN01 ";"LEG";"FGRXM";"CDG ";"TUN ";"2018-08-08T21:30:00Z";"2018-08-08T23:50:00Z"
"________20180808AF1284CDGTUN01 ";"LEG";"FGRXA";"CDG ";"TUN ";"2018-08-08T08:05:00Z";"2018-08-08T10:30:00Z"
"________20180808AF1184CDGTUN01 ";"LEG";"FGRHS";"CDG ";"TUN ";"2018-08-08T11:55:00Z";"2018-08-08T14:15:00Z"
"________20180810AF1784CDGTUN01 ";"LEG";"FGRHH";"CDG ";"TUN ";"2018-08-10T21:30:00Z";"2018-08-10T23:50:00Z"
"________20180810AF1284CDGTUN01 ";"LEG";"FGRHT";"CDG ";"TUN ";"2018-08-10T08:05:00Z";"2018-08-10T10:30:00Z"
"________20180810AF1184CDGTUN01 ";"LEG";"FGRXL";"CDG ";"TUN ";"2018-08-10T11:55:00Z";"2018-08-10T14:15:00Z"
"________20180805AF1784CDGTUN01 ";"LEG";"FGRHZ";"CDG ";"TUN ";"2018-08-05T21:30:00Z";"2018-08-05T23:50:00Z"
"________20180805AF1284CDGTUN01 ";"LEG";"FGRHZ";"CDG ";"TUN ";"2018-08-05T08:37:00Z";"2018-08-05T11:13:00Z"
"________20180805AF1184CDGTUN01 ";"LEG";"FGRHH";"CDG ";"TUN ";"2018-08-05T12:45:00Z";"2018-08-05T15:30:00Z"
"________20180805AF1084CDGTUN01 ";"LEG";"FGRHU";"CDG ";"TUN ";"2018-08-05T06:30:00Z";"2018-08-05T09:28:00Z"
"________20180807AF1784CDGTUN01 ";"LEG";"FGRXL";"CDG ";"TUN ";"2018-08-07T21:30:00Z";"2018-08-07T23:50:00Z"
"________20180807AF1284CDGTUN01 ";"LEG";"FGRHZ";"CDG ";"TUN ";"2018-08-07T08:05:00Z";"2018-08-07T10:30:00Z"
"________20180807AF1184CDGTUN01 ";"LEG";"FGRHH";"CDG ";"TUN ";"2018-08-07T11:55:00Z";"2018-08-07T14:15:00Z"
"________20180806AF1284CDGTUN01 ";"LEG";"FGRXA";"CDG ";"TUN ";"2018-08-06T08:05:00Z";"2018-08-06T10:30:00Z"
"________20180806AF1184CDGTUN01 ";"LEG";"FGRHZ";"CDG ";"TUN ";"2018-08-06T11:55:00Z";"2018-08-06T14:15:00Z"
"________20180809AF1430CDGORN01 ";"LEG";"FGRXM";"CDG ";"ORN ";"2018-08-09T05:10:00Z";"2018-08-09T07:40:00Z"
"________20180808AF1430CDGORN01 ";"LEG";"FGRXL";"CDG ";"ORN ";"2018-08-08T05:10:00Z";"2018-08-08T07:40:00Z"
"________20180806AF1430CDGORN01 ";"LEG";"FGRHM";"CDG ";"ORN ";"2018-08-06T05:10:00Z";"2018-08-06T07:40:00Z"
"________20180810AF1430CDGORN01 ";"LEG";"FGRHZ";"CDG ";"ORN ";"2018-08-10T05:10:00Z";"2018-08-10T07:40:00Z"
"________20180810AF1462CDGARN01 ";"LEG";"FGRHO";"CDG ";"ARN ";"2018-08-10T18:35:00Z";"2018-08-10T21:05:00Z"
"________20180805AF1462CDGARN01 ";"LEG";"FGRHS";"CDG ";"ARN ";"2018-08-05T18:35:00Z";"2018-08-05T21:05:00Z"
"________20180805AF1262CDGARN01 ";"LEG";"FGRHV";"CDG ";"ARN ";"2018-08-05T07:26:00Z";"2018-08-05T10:03:00Z"
"________20180806AF1462CDGARN01 ";"LEG";"FGRHK";"CDG ";"ARN ";"2018-08-06T18:35:00Z";"2018-08-06T21:05:00Z"
"________20180807AF1462CDGARN01 ";"LEG";"FGRXK";"CDG ";"ARN ";"2018-08-07T18:35:00Z";"2018-08-07T21:05:00Z"
"________20180807AF1062CDGARN01 ";"LEG";"FGRHY";"CDG ";"ARN ";"2018-08-07T14:20:00Z";"2018-08-07T16:50:00Z"
"________20180808AF1462CDGARN01 ";"LEG";"FGRHK";"CDG ";"ARN ";"2018-08-08T18:35:00Z";"2018-08-08T21:05:00Z"
"________20180809AF1462CDGARN01 ";"LEG";"FGRHV";"CDG ";"ARN ";"2018-08-09T18:35:00Z";"2018-08-09T21:05:00Z"
"________20180809AF1262CDGARN01 ";"LEG";"FGRHV";"CDG ";"ARN ";"2018-08-09T07:20:00Z";"2018-08-09T09:50:00Z"
"________20180805AF384VLEDCDG01 ";"LEG";"FGRHO";"LED ";"CDG ";"2018-08-05T17:00:00Z";"2018-08-05T20:30:00Z"
"________20180806AF7649LYSCDG01 ";"LEG";"FGRXM";"LYS ";"CDG ";"2018-08-06T17:50:00Z";"2018-08-06T19:00:00Z"
"________20180805AF1465LEDCDG01 ";"LEG";"FGRXC";"LED ";"CDG ";"2018-08-05T11:45:00Z";"2018-08-05T15:28:00Z"
"________20180807AF1225LISCDG01 ";"LEG";"FGRXJ";"LIS ";"CDG ";"2018-08-07T09:35:00Z";"2018-08-07T12:05:00Z"
"________20180806AF1665LEDCDG01 ";"LEG";"FGRXD";"LED ";"CDG ";"2018-08-06T03:00:00Z";"2018-08-06T06:35:00Z"
"________20180806AF1465LEDCDG01 ";"LEG";"FGRXD";"LED ";"CDG ";"2018-08-06T11:45:00Z";"2018-08-06T15:10:00Z"
"________20180807AF1665LEDCDG01 ";"LEG";"FGRXA";"LED ";"CDG ";"2018-08-07T03:00:00Z";"2018-08-07T06:35:00Z"
"________20180807AF1465LEDCDG01 ";"LEG";"FGRXA";"LED ";"CDG ";"2018-08-07T11:45:00Z";"2018-08-07T15:10:00Z"
"________20180810AF1665LEDCDG01 ";"LEG";"FGRHB";"LED ";"CDG ";"2018-08-10T03:00:00Z";"2018-08-10T06:35:00Z"
"________20180810AF1465LEDCDG01 ";"LEG";"FGRHB";"LED ";"CDG ";"2018-08-10T11:45:00Z";"2018-08-10T15:10:00Z"
"________20180810AF1225LISCDG01 ";"LEG";"FGRXA";"LIS ";"CDG ";"2018-08-10T09:35:00Z";"2018-08-10T12:05:00Z"
"________20180809AF1225LISCDG01 ";"LEG";"FGRHY";"LIS ";"CDG ";"2018-08-09T09:35:00Z";"2018-08-09T12:05:00Z"
"________20180808AF1665LEDCDG01 ";"LEG";"FGRXC";"LED ";"CDG ";"2018-08-08T03:00:00Z";"2018-08-08T06:35:00Z"
"________20180808AF1465LEDCDG01 ";"LEG";"FGRXC";"LED ";"CDG ";"2018-08-08T11:45:00Z";"2018-08-08T15:10:00Z"
"________20180809AF1665LEDCDG01 ";"LEG";"FGRHT";"LED ";"CDG ";"2018-08-09T03:00:00Z";"2018-08-09T06:35:00Z"
"________20180809AF1465LEDCDG01 ";"LEG";"FGRHU";"LED ";"CDG ";"2018-08-09T11:45:00Z";"2018-08-09T15:10:00Z"
"________20180807AF1281LHRCDG01 ";"LEG";"FGRHB";"LHR ";"CDG ";"2018-08-07T16:35:00Z";"2018-08-07T17:50:00Z"
"________20180807AF1381LHRCDG01 ";"LEG";"FGRHZ";"LHR ";"CDG ";"2018-08-07T05:40:00Z";"2018-08-07T07:00:00Z"
"________20180807AF1081LHRCDG01 ";"LEG";"FGRXD";"LHR ";"CDG ";"2018-08-07T05:20:00Z";"2018-08-07T06:40:00Z"
"________20180807AF1181LHRCDG01 ";"LEG";"FGRXL";"LHR ";"CDG ";"2018-08-07T19:10:00Z";"2018-08-07T20:20:00Z"
"________20180807AF1581LHRCDG01 ";"LEG";"FGRXK";"LHR ";"CDG ";"2018-08-07T10:50:00Z";"2018-08-07T12:10:00Z"
"________20180806AF1281LHRCDG01 ";"LEG";"FGRHN";"LHR ";"CDG ";"2018-08-06T16:35:00Z";"2018-08-06T17:50:00Z"
"________20180806AF1081LHRCDG01 ";"LEG";"FGRXC";"LHR ";"CDG ";"2018-08-06T05:20:00Z";"2018-08-06T06:40:00Z"
"________20180806AF1581LHRCDG01 ";"LEG";"FGRHH";"LHR ";"CDG ";"2018-08-06T10:50:00Z";"2018-08-06T12:10:00Z"
"________20180805AF7651LYSCDG01 ";"LEG";"FGRHK";"LYS ";"CDG ";"2018-08-05T04:10:00Z";"2018-08-05T05:22:00Z"
"________20180805AF1281LHRCDG01 ";"LEG";"FGRXJ";"LHR ";"CDG ";"2018-08-05T16:35:00Z";"2018-08-05T17:50:00Z"
"________20180805AF1381LHRCDG01 ";"LEG";"FGRHZ";"LHR ";"CDG ";"2018-08-05T05:52:00Z";"2018-08-05T06:56:00Z"
"________20180805AF1081LHRCDG01 ";"LEG";"FGRXK";"LHR ";"CDG ";"2018-08-05T05:15:00Z";"2018-08-05T06:17:00Z"
"________20180805AF1181LHRCDG01 ";"LEG";"FGRHZ";"LHR ";"CDG ";"2018-08-05T19:10:00Z";"2018-08-05T20:20:00Z"
"________20180805AF1581LHRCDG01 ";"LEG";"FGRXF";"LHR ";"CDG ";"2018-08-05T11:00:00Z";"2018-08-05T12:04:00Z"
"________20180806AF7651LYSCDG01 ";"LEG";"FGRHF";"LYS ";"CDG ";"2018-08-06T04:15:00Z";"2018-08-06T05:25:00Z"
"________20180807AF7651LYSCDG01 ";"LEG";"FGRHY";"LYS ";"CDG ";"2018-08-07T04:15:00Z";"2018-08-07T05:25:00Z"
"________20180810AF1281LHRCDG01 ";"LEG";"FGRHY";"LHR ";"CDG ";"2018-08-10T16:35:00Z";"2018-08-10T17:50:00Z"
"________20180810AF1081LHRCDG01 ";"LEG";"FGRHR";"LHR ";"CDG ";"2018-08-10T05:20:00Z";"2018-08-10T06:40:00Z"
"________20180810AF1581LHRCDG01 ";"LEG";"FGRHN";"LHR ";"CDG ";"2018-08-10T10:50:00Z";"2018-08-10T12:10:00Z"
"________20180808AF7651LYSCDG01 ";"LEG";"FGRHZ";"LYS ";"CDG ";"2018-08-08T04:15:00Z";"2018-08-08T05:25:00Z"
"________20180809AF7651LYSCDG01 ";"LEG";"FGRHV";"LYS ";"CDG ";"2018-08-09T04:15:00Z";"2018-08-09T05:25:00Z"
"________20180809AF1281LHRCDG01 ";"LEG";"FGRHN";"LHR ";"CDG ";"2018-08-09T16:35:00Z";"2018-08-09T17:50:00Z"
"________20180809AF1381LHRCDG01 ";"LEG";"FGRXD";"LHR ";"CDG ";"2018-08-09T05:40:00Z";"2018-08-09T07:00:00Z"
"________20180809AF1081LHRCDG01 ";"LEG";"FGRHU";"LHR ";"CDG ";"2018-08-09T05:20:00Z";"2018-08-09T06:40:00Z"
"________20180809AF1681LHRCDG01 ";"LEG";"FGRHB";"LHR ";"CDG ";"2018-08-09T08:00:00Z";"2018-08-09T09:20:00Z"
"________20180809AF1581LHRCDG01 ";"LEG";"FGRHH";"LHR ";"CDG ";"2018-08-09T10:50:00Z";"2018-08-09T12:10:00Z"
"________20180808AF1281LHRCDG01 ";"LEG";"FGRXD";"LHR ";"CDG ";"2018-08-08T16:35:00Z";"2018-08-08T17:50:00Z"
"________20180808AF1381LHRCDG01 ";"LEG";"FGRXA";"LHR ";"CDG ";"2018-08-08T05:40:00Z";"2018-08-08T07:00:00Z"
"________20180808AF1081LHRCDG01 ";"LEG";"FGRHN";"LHR ";"CDG ";"2018-08-08T05:20:00Z";"2018-08-08T06:40:00Z"
"________20180808AF1581LHRCDG01 ";"LEG";"FGRHB";"LHR ";"CDG ";"2018-08-08T10:50:00Z";"2018-08-08T12:10:00Z"
"________20180807AF7643LYSCDG01 ";"LEG";"FGRHY";"LYS ";"CDG ";"2018-08-07T12:20:00Z";"2018-08-07T13:30:00Z"
"________20180807AF7689MPLCDG01 ";"LEG";"FGRHU";"MPL ";"CDG ";"2018-08-07T08:25:00Z";"2018-08-07T09:55:00Z"
"________20180806AF7689MPLCDG01 ";"LEG";"FGRXM";"MPL ";"CDG ";"2018-08-06T08:25:00Z";"2018-08-06T09:55:00Z"
"________20180805AF1669MANCDG01 ";"LEG";"FGRHB";"MAN ";"CDG ";"2018-08-05T08:19:00Z";"2018-08-05T09:37:00Z"
"________20180806AF7669MRSCDG01 ";"LEG";"FGRHK";"MRS ";"CDG ";"2018-08-06T07:35:00Z";"2018-08-06T09:05:00Z"
"________20180807AF1669MANCDG01 ";"LEG";"FGRHT";"MAN ";"CDG ";"2018-08-07T08:20:00Z";"2018-08-07T09:50:00Z"
"________20180807AF7669MRSCDG01 ";"LEG";"FGRHR";"MRS ";"CDG ";"2018-08-07T07:35:00Z";"2018-08-07T09:05:00Z"
"________20180810AF7669MRSCDG01 ";"LEG";"FGRHF";"MRS ";"CDG ";"2018-08-10T07:35:00Z";"2018-08-10T09:05:00Z"
"________20180810AF7689MPLCDG01 ";"LEG";"FGRHM";"MPL ";"CDG ";"2018-08-10T08:25:00Z";"2018-08-10T09:55:00Z"
"________20180808AF1669MANCDG01 ";"LEG";"FGRHR";"MAN ";"CDG ";"2018-08-08T08:20:00Z";"2018-08-08T09:50:00Z"
"________20180808AF7669MRSCDG01 ";"LEG";"FGRHV";"MRS ";"CDG ";"2018-08-08T07:35:00Z";"2018-08-08T09:05:00Z"
"________20180809AF7689MPLCDG01 ";"LEG";"FGRXK";"MPL ";"CDG ";"2018-08-09T08:25:00Z";"2018-08-09T09:55:00Z"
"________20180808AF7689MPLCDG01 ";"LEG";"FGRHM";"MPL ";"CDG ";"2018-08-08T08:25:00Z";"2018-08-08T09:55:00Z"
"________20180805AF7685MPLCDG01 ";"LEG";"FGRXL";"MPL ";"CDG ";"2018-08-05T18:50:00Z";"2018-08-05T20:20:00Z"
"________20180809AF7685MPLCDG01 ";"LEG";"FGRHU";"MPL ";"CDG ";"2018-08-09T18:50:00Z";"2018-08-09T20:20:00Z"
"________20180808AF7685MPLCDG01 ";"LEG";"FGRHZ";"MPL ";"CDG ";"2018-08-08T18:50:00Z";"2018-08-08T20:20:00Z"
"________20180805AF1501MADCDG01 ";"LEG";"FGRHV";"MAD ";"CDG ";"2018-08-05T17:35:00Z";"2018-08-05T19:40:00Z"
"________20180807AF7681MPLCDG01 ";"LEG";"FGRHU";"MPL ";"CDG ";"2018-08-07T04:00:00Z";"2018-08-07T05:30:00Z"
"________20180805AF1301MADCDG01 ";"LEG";"FGRHT";"MAD ";"CDG ";"2018-08-05T10:04:00Z";"2018-08-05T12:08:00Z"
"________20180805AF1801MADCDG01 ";"LEG";"FGRHS";"MAD ";"CDG ";"2018-08-05T15:45:00Z";"2018-08-05T17:45:00Z"
"________20180805AF1231MXPCDG01 ";"LEG";"FGRHK";"MXP ";"CDG ";"2018-08-05T13:45:00Z";"2018-08-05T15:11:00Z"
"________20180806AF7681MPLCDG01 ";"LEG";"FGRXM";"MPL ";"CDG ";"2018-08-06T04:00:00Z";"2018-08-06T05:30:00Z"
"________20180805AF7681MPLCDG01 ";"LEG";"FGRXC";"MPL ";"CDG ";"2018-08-05T03:59:00Z";"2018-08-05T05:23:00Z"
"________20180807AF1301MADCDG01 ";"LEG";"FGRHV";"MAD ";"CDG ";"2018-08-07T10:05:00Z";"2018-08-07T12:10:00Z"
"________20180807AF1101MADCDG01 ";"LEG";"FGRHL";"MAD ";"CDG ";"2018-08-07T18:15:00Z";"2018-08-07T20:20:00Z"
"________20180807AF1001MADCDG01 ";"LEG";"FGRHS";"MAD ";"CDG ";"2018-08-07T08:00:00Z";"2018-08-07T10:10:00Z"
"________20180807AF1801MADCDG01 ";"LEG";"FGRXJ";"MAD ";"CDG ";"2018-08-07T15:45:00Z";"2018-08-07T17:45:00Z"
"________20180806AF1301MADCDG01 ";"LEG";"FGRHR";"MAD ";"CDG ";"2018-08-06T10:05:00Z";"2018-08-06T12:10:00Z"
"________20180806AF1101MADCDG01 ";"LEG";"FGRXL";"MAD ";"CDG ";"2018-08-06T18:15:00Z";"2018-08-06T20:20:00Z"
"________20180806AF1001MADCDG01 ";"LEG";"FGRHO";"MAD ";"CDG ";"2018-08-06T08:00:00Z";"2018-08-06T10:10:00Z"
"________20180806AF1631MXPCDG01 ";"LEG";"FGRHL";"MXP ";"CDG ";"2018-08-06T04:05:00Z";"2018-08-06T05:35:00Z"
"________20180810AF1301MADCDG01 ";"LEG";"FGRXC";"MAD ";"CDG ";"2018-08-10T10:05:00Z";"2018-08-10T12:10:00Z"
"________20180810AF1101MADCDG01 ";"LEG";"FGRXJ";"MAD ";"CDG ";"2018-08-10T18:15:00Z";"2018-08-10T20:20:00Z"
"________20180810AF1001MADCDG01 ";"LEG";"FGRHU";"MAD ";"CDG ";"2018-08-10T08:00:00Z";"2018-08-10T10:10:00Z"
"________20180810AF1801MADCDG01 ";"LEG";"FGRHK";"MAD ";"CDG ";"2018-08-10T15:45:00Z";"2018-08-10T17:45:00Z"
"________20180810AF7681MPLCDG01 ";"LEG";"FGRHM";"MPL ";"CDG ";"2018-08-10T04:00:00Z";"2018-08-10T05:30:00Z"
"________20180809AF1801MADCDG01 ";"LEG";"FGRHF";"MAD ";"CDG ";"2018-08-09T15:45:00Z";"2018-08-09T17:45:00Z"
"________20180808AF1401MADCDG01 ";"LEG";"FGRXJ";"MAD ";"CDG ";"2018-08-08T04:20:00Z";"2018-08-08T06:25:00Z"
"________20180808AF1001MADCDG01 ";"LEG";"FGRHU";"MAD ";"CDG ";"2018-08-08T08:00:00Z";"2018-08-08T10:10:00Z"
"________20180808AF1801MADCDG01 ";"LEG";"FGRHF";"MAD ";"CDG ";"2018-08-08T15:45:00Z";"2018-08-08T17:45:00Z"
"________20180809AF7681MPLCDG01 ";"LEG";"FGRHO";"MPL ";"CDG ";"2018-08-09T04:00:00Z";"2018-08-09T05:30:00Z"
"________20180808AF7681MPLCDG01 ";"LEG";"FGRHM";"MPL ";"CDG ";"2018-08-08T04:00:00Z";"2018-08-08T05:30:00Z"
"________20180805AF1723MUCCDG01 ";"LEG";"FGRHS";"MUC ";"CDG ";"2018-08-05T10:51:00Z";"2018-08-05T12:22:00Z"
"________20180805AF1823MUCCDG01 ";"LEG";"FGRHR";"MUC ";"CDG ";"2018-08-05T16:10:00Z";"2018-08-05T17:50:00Z"
"________20180805AF7683MPLCDG01 ";"LEG";"FGRHY";"MPL ";"CDG ";"2018-08-05T12:42:00Z";"2018-08-05T14:03:00Z"
"________20180807AF1023MUCCDG01 ";"LEG";"FGRHK";"MUC ";"CDG ";"2018-08-07T18:30:00Z";"2018-08-07T20:10:00Z"
"________20180806AF1123MUCCDG01 ";"LEG";"FGRXA";"MUC ";"CDG ";"2018-08-06T05:15:00Z";"2018-08-06T07:00:00Z"
"________20180806AF1823MUCCDG01 ";"LEG";"FGRHV";"MUC ";"CDG ";"2018-08-06T16:10:00Z";"2018-08-06T17:50:00Z"
"________20180810AF1723MUCCDG01 ";"LEG";"FGRHK";"MUC ";"CDG ";"2018-08-10T10:25:00Z";"2018-08-10T12:05:00Z"
"________20180810AF1023MUCCDG01 ";"LEG";"FGRHF";"MUC ";"CDG ";"2018-08-10T18:30:00Z";"2018-08-10T20:10:00Z"
"________20180810AF1123MUCCDG01 ";"LEG";"FGRHK";"MUC ";"CDG ";"2018-08-10T05:15:00Z";"2018-08-10T07:00:00Z"
"________20180810AF1823MUCCDG01 ";"LEG";"FGRXC";"MUC ";"CDG ";"2018-08-10T16:10:00Z";"2018-08-10T17:50:00Z"
"________20180809AF1423MUCCDG01 ";"LEG";"FGRXA";"MUC ";"CDG ";"2018-08-09T07:30:00Z";"2018-08-09T09:15:00Z"
"________20180809AF1023MUCCDG01 ";"LEG";"FGRHO";"MUC ";"CDG ";"2018-08-09T18:30:00Z";"2018-08-09T20:10:00Z"
"________20180809AF1123MUCCDG01 ";"LEG";"FGRXL";"MUC ";"CDG ";"2018-08-09T05:15:00Z";"2018-08-09T07:00:00Z"
"________20180808AF1723MUCCDG01 ";"LEG";"FGRHF";"MUC ";"CDG ";"2018-08-08T10:25:00Z";"2018-08-08T12:05:00Z"
"________20180808AF1123MUCCDG01 ";"LEG";"FGRHF";"MUC ";"CDG ";"2018-08-08T05:15:00Z";"2018-08-08T07:00:00Z"
"________20180810AF1379NAPCDG01 ";"LEG";"FGRXD";"NAP ";"CDG ";"2018-08-10T13:35:00Z";"2018-08-10T15:55:00Z"
"________20180808AF1379NAPCDG01 ";"LEG";"FGRHZ";"NAP ";"CDG ";"2018-08-08T13:35:00Z";"2018-08-08T15:55:00Z"
"________20180805AF7715NCECDG01 ";"LEG";"FGRHM";"NCE ";"CDG ";"2018-08-05T18:30:00Z";"2018-08-05T20:05:00Z"
"________20180806AF7715NCECDG01 ";"LEG";"FGRXJ";"NCE ";"CDG ";"2018-08-06T18:30:00Z";"2018-08-06T20:05:00Z"
"________20180810AF7715NCECDG01 ";"LEG";"FGRHV";"NCE ";"CDG ";"2018-08-10T18:30:00Z";"2018-08-10T20:05:00Z"
"________20180808AF7715NCECDG01 ";"LEG";"FGRXC";"NCE ";"CDG ";"2018-08-08T18:30:00Z";"2018-08-08T20:05:00Z"
"________20180805AF7731NTECDG01 ";"LEG";"FGRHU";"NTE ";"CDG ";"2018-08-05T16:40:00Z";"2018-08-05T17:45:00Z"
"________20180807AF7731NTECDG01 ";"LEG";"FGRHZ";"NTE ";"CDG ";"2018-08-07T16:40:00Z";"2018-08-07T17:45:00Z"
"________20180806AF7731NTECDG01 ";"LEG";"FGRHK";"NTE ";"CDG ";"2018-08-06T16:40:00Z";"2018-08-06T17:45:00Z"
"________20180810AF7731NTECDG01 ";"LEG";"FGRHT";"NTE ";"CDG ";"2018-08-10T16:40:00Z";"2018-08-10T17:45:00Z"
"________20180809AF7731NTECDG01 ";"LEG";"FGRXD";"NTE ";"CDG ";"2018-08-09T16:40:00Z";"2018-08-09T17:45:00Z"
"________20180808AF7731NTECDG01 ";"LEG";"FGRXA";"NTE ";"CDG ";"2018-08-08T16:40:00Z";"2018-08-08T17:45:00Z"
"________20180809AF7713NCECDG01 ";"LEG";"FGRXA";"NCE ";"CDG ";"2018-08-09T12:20:00Z";"2018-08-09T13:55:00Z"
"________20180808AF7713NCECDG01 ";"LEG";"FGRHY";"NCE ";"CDG ";"2018-08-08T12:20:00Z";"2018-08-08T13:55:00Z"
"________20180807AF1089OTPCDG01 ";"LEG";"FGRHB";"OTP ";"CDG ";"2018-08-07T03:05:00Z";"2018-08-07T06:20:00Z"
"________20180807AF1889OTPCDG01 ";"LEG";"FGRXC";"OTP ";"CDG ";"2018-08-07T11:55:00Z";"2018-08-07T15:05:00Z"
"________20180805AF1429OPOCDG01 ";"LEG";"FGRXA";"OPO ";"CDG ";"2018-08-05T09:16:00Z";"2018-08-05T11:16:00Z"
"________20180806AF1089OTPCDG01 ";"LEG";"FGRHN";"OTP ";"CDG ";"2018-08-06T03:05:00Z";"2018-08-06T06:20:00Z"
"________20180806AF1889OTPCDG01 ";"LEG";"FGRXJ";"OTP ";"CDG ";"2018-08-06T11:55:00Z";"2018-08-06T15:05:00Z"
"________20180805AF1089OTPCDG01 ";"LEG";"FGRXJ";"OTP ";"CDG ";"2018-08-05T02:57:00Z";"2018-08-05T05:50:00Z"
"________20180805AF1589OTPCDG01 ";"LEG";"FGRHL";"OTP ";"CDG ";"2018-08-05T15:08:00Z";"2018-08-05T18:12:00Z"
"________20180805AF1889OTPCDG01 ";"LEG";"FGRXD";"OTP ";"CDG ";"2018-08-05T12:11:00Z";"2018-08-05T15:08:00Z"
"________20180810AF1089OTPCDG01 ";"LEG";"FGRHT";"OTP ";"CDG ";"2018-08-10T03:05:00Z";"2018-08-10T06:20:00Z"
"________20180810AF1889OTPCDG01 ";"LEG";"FGRHL";"OTP ";"CDG ";"2018-08-10T11:55:00Z";"2018-08-10T15:05:00Z"
"________20180809AF1089OTPCDG01 ";"LEG";"FGRHN";"OTP ";"CDG ";"2018-08-09T03:05:00Z";"2018-08-09T06:20:00Z"
"________20180809AF1889OTPCDG01 ";"LEG";"FGRHS";"OTP ";"CDG ";"2018-08-09T11:55:00Z";"2018-08-09T15:05:00Z"
"________20180808AF1089OTPCDG01 ";"LEG";"FGRXD";"OTP ";"CDG ";"2018-08-08T03:05:00Z";"2018-08-08T06:20:00Z"
"________20180808AF1889OTPCDG01 ";"LEG";"FGRHT";"OTP ";"CDG ";"2018-08-08T11:55:00Z";"2018-08-08T15:05:00Z"
"________20180806AF1431ORNCDG01 ";"LEG";"FGRHM";"ORN ";"CDG ";"2018-08-06T09:05:00Z";"2018-08-06T11:40:00Z"
"________20180810AF1431ORNCDG01 ";"LEG";"FGRHZ";"ORN ";"CDG ";"2018-08-10T09:05:00Z";"2018-08-10T11:40:00Z"
"________20180809AF1431ORNCDG01 ";"LEG";"FGRXM";"ORN ";"CDG ";"2018-08-09T09:05:00Z";"2018-08-09T11:40:00Z"
"________20180808AF1431ORNCDG01 ";"LEG";"FGRXL";"ORN ";"CDG ";"2018-08-08T09:05:00Z";"2018-08-08T11:40:00Z"
"________20180807AF1383PRGCDG01 ";"LEG";"FGRHM";"PRG ";"CDG ";"2018-08-07T07:50:00Z";"2018-08-07T09:40:00Z"
"________20180808AF1583PRGCDG01 ";"LEG";"FGRXK";"PRG ";"CDG ";"2018-08-08T18:35:00Z";"2018-08-08T20:20:00Z"
"________20180804AF1359RBACDG01 ";"LEG";"FGRHY";"RBA ";"CDG ";"2018-08-04T05:20:00Z";"2018-08-04T08:14:00Z"
"________20180805AF1259RBACDG01 ";"LEG";"FGRHN";"RBA ";"CDG ";"2018-08-05T12:59:00Z";"2018-08-05T15:53:00Z"
"________20180805AF1359RBACDG01 ";"LEG";"FGRHN";"RBA ";"CDG ";"2018-08-05T05:11:00Z";"2018-08-05T08:02:00Z"
"________20180806AF1459RBACDG01 ";"LEG";"FGRHH";"RBA ";"CDG ";"2018-08-06T17:05:00Z";"2018-08-06T20:00:00Z"
"________20180806AF1259RBACDG01 ";"LEG";"FGRHB";"RBA ";"CDG ";"2018-08-06T13:00:00Z";"2018-08-06T15:50:00Z"
"________20180806AF1359RBACDG01 ";"LEG";"FGRHB";"RBA ";"CDG ";"2018-08-06T05:20:00Z";"2018-08-06T08:10:00Z"
"________20180807AF1259RBACDG01 ";"LEG";"FGRXF";"RBA ";"CDG ";"2018-08-07T13:40:00Z";"2018-08-07T16:30:00Z"
"________20180807AF1359RBACDG01 ";"LEG";"FGRXF";"RBA ";"CDG ";"2018-08-07T05:20:00Z";"2018-08-07T08:10:00Z"
"________20180810AF1459RBACDG01 ";"LEG";"FGRHN";"RBA ";"CDG ";"2018-08-10T17:05:00Z";"2018-08-10T20:00:00Z"
"________20180810AF1259RBACDG01 ";"LEG";"FGRXK";"RBA ";"CDG ";"2018-08-10T13:00:00Z";"2018-08-10T15:50:00Z"
"________20180810AF1359RBACDG01 ";"LEG";"FGRXK";"RBA ";"CDG ";"2018-08-10T05:20:00Z";"2018-08-10T08:10:00Z"
"________20180808AF1459RBACDG01 ";"LEG";"FGRXM";"RBA ";"CDG ";"2018-08-08T17:05:00Z";"2018-08-08T20:00:00Z"
"________20180808AF1259RBACDG01 ";"LEG";"FGRHH";"RBA ";"CDG ";"2018-08-08T13:40:00Z";"2018-08-08T16:30:00Z"
"________20180808AF1359RBACDG01 ";"LEG";"FGRHH";"RBA ";"CDG ";"2018-08-08T05:20:00Z";"2018-08-08T08:10:00Z"
"________20180809AF1259RBACDG01 ";"LEG";"FGRHL";"RBA ";"CDG ";"2018-08-09T13:40:00Z";"2018-08-09T16:30:00Z"
"________20180809AF1359RBACDG01 ";"LEG";"FGRHR";"RBA ";"CDG ";"2018-08-09T05:20:00Z";"2018-08-09T08:10:00Z"
"________20180808AF1138CDGVIE01 ";"LEG";"FGRHK";"CDG ";"VIE ";"2018-08-08T05:10:00Z";"2018-08-08T07:10:00Z"
"________20180807AF1238CDGVIE01 ";"LEG";"FGRHU";"CDG ";"VIE ";"2018-08-07T15:25:00Z";"2018-08-07T17:20:00Z"
"________20180807AF1138CDGVIE01 ";"LEG";"FGRHF";"CDG ";"VIE ";"2018-08-07T05:10:00Z";"2018-08-07T07:10:00Z"
"________20180806AF1238CDGVIE01 ";"LEG";"FGRHL";"CDG ";"VIE ";"2018-08-06T15:25:00Z";"2018-08-06T17:20:00Z"
"________20180805AF1238CDGVIE01 ";"LEG";"FGRHY";"CDG ";"VIE ";"2018-08-05T15:25:00Z";"2018-08-05T17:20:00Z"
"________20180810AF1238CDGVIE01 ";"LEG";"FGRHU";"CDG ";"VIE ";"2018-08-10T15:25:00Z";"2018-08-10T17:20:00Z"
"________20180807AF1789SOFCDG01 ";"LEG";"FGRHN";"SOF ";"CDG ";"2018-08-07T14:35:00Z";"2018-08-07T17:35:00Z"
"________20180806AF1789SOFCDG01 ";"LEG";"FGRXF";"SOF ";"CDG ";"2018-08-06T14:35:00Z";"2018-08-06T17:35:00Z"
"________20180810AF1789SOFCDG01 ";"LEG";"FGRXF";"SOF ";"CDG ";"2018-08-10T14:35:00Z";"2018-08-10T17:35:00Z"
"________20180809AF1789SOFCDG01 ";"LEG";"FGRHR";"SOF ";"CDG ";"2018-08-09T14:35:00Z";"2018-08-09T17:35:00Z"
"________20180808AF1789SOFCDG01 ";"LEG";"FGRXF";"SOF ";"CDG ";"2018-08-08T14:35:00Z";"2018-08-08T17:35:00Z"
"________20180805AF1145SVOCDG01 ";"LEG";"FGRHL";"SVO ";"CDG ";"2018-08-05T05:35:00Z";"2018-08-05T09:32:00Z"
"________20180805AF1045SVOCDG01 ";"LEG";"FGRXK";"SVO ";"CDG ";"2018-08-05T12:14:00Z";"2018-08-05T16:10:00Z"
"________20180805AF1845SVOCDG01 ";"LEG";"FGRXF";"SVO ";"CDG ";"2018-08-05T03:04:00Z";"2018-08-05T07:02:00Z"
"________20180806AF1145SVOCDG01 ";"LEG";"FGRXK";"SVO ";"CDG ";"2018-08-06T05:45:00Z";"2018-08-06T09:50:00Z"
"________20180806AF1045SVOCDG01 ";"LEG";"FGRXC";"SVO ";"CDG ";"2018-08-06T12:10:00Z";"2018-08-06T16:05:00Z"
"________20180806AF1845SVOCDG01 ";"LEG";"FGRXJ";"SVO ";"CDG ";"2018-08-06T03:10:00Z";"2018-08-06T07:10:00Z"
"________20180807AF1145SVOCDG01 ";"LEG";"FGRHN";"SVO ";"CDG ";"2018-08-07T05:45:00Z";"2018-08-07T09:50:00Z"
"________20180807AF1045SVOCDG01 ";"LEG";"FGRXD";"SVO ";"CDG ";"2018-08-07T12:10:00Z";"2018-08-07T16:05:00Z"
"________20180807AF1845SVOCDG01 ";"LEG";"FGRXC";"SVO ";"CDG ";"2018-08-07T03:10:00Z";"2018-08-07T07:10:00Z"
"________20180810AF1145SVOCDG01 ";"LEG";"FGRXF";"SVO ";"CDG ";"2018-08-10T05:45:00Z";"2018-08-10T09:50:00Z"
"________20180810AF1045SVOCDG01 ";"LEG";"FGRHR";"SVO ";"CDG ";"2018-08-10T12:10:00Z";"2018-08-10T16:05:00Z"
"________20180810AF1845SVOCDG01 ";"LEG";"FGRHL";"SVO ";"CDG ";"2018-08-10T03:10:00Z";"2018-08-10T07:10:00Z"
"________20180808AF1145SVOCDG01 ";"LEG";"FGRXF";"SVO ";"CDG ";"2018-08-08T05:45:00Z";"2018-08-08T09:50:00Z"
"________20180808AF1045SVOCDG01 ";"LEG";"FGRHN";"SVO ";"CDG ";"2018-08-08T12:10:00Z";"2018-08-08T16:05:00Z"
"________20180808AF1845SVOCDG01 ";"LEG";"FGRHB";"SVO ";"CDG ";"2018-08-08T03:10:00Z";"2018-08-08T07:10:00Z"
"________20180809AF1145SVOCDG01 ";"LEG";"FGRXF";"SVO ";"CDG ";"2018-08-09T05:45:00Z";"2018-08-09T09:50:00Z"
"________20180809AF1045SVOCDG01 ";"LEG";"FGRHT";"SVO ";"CDG ";"2018-08-09T12:10:00Z";"2018-08-09T16:05:00Z"
"________20180809AF1845SVOCDG01 ";"LEG";"FGRHH";"SVO ";"CDG ";"2018-08-09T03:10:00Z";"2018-08-09T07:10:00Z"
"________20180810AF1710CDGHAM01 ";"LEG";"FGRXJ";"CDG ";"HAM ";"2018-08-10T10:15:00Z";"2018-08-10T11:50:00Z"
"________20180810AF1510CDGHAM01 ";"LEG";"FGRHO";"CDG ";"HAM ";"2018-08-10T13:50:00Z";"2018-08-10T15:20:00Z"
"________20180807AF1710CDGHAM01 ";"LEG";"FGRHL";"CDG ";"HAM ";"2018-08-07T10:15:00Z";"2018-08-07T11:50:00Z"
"________20180807AF1510CDGHAM01 ";"LEG";"FGRXK";"CDG ";"HAM ";"2018-08-07T13:50:00Z";"2018-08-07T15:20:00Z"
"________20180806AF1710CDGHAM01 ";"LEG";"FGRXL";"CDG ";"HAM ";"2018-08-06T10:15:00Z";"2018-08-06T11:50:00Z"
"________20180806AF1510CDGHAM01 ";"LEG";"FGRHS";"CDG ";"HAM ";"2018-08-06T13:50:00Z";"2018-08-06T15:20:00Z"
"________20180805AF1510CDGHAM01 ";"LEG";"FGRHF";"CDG ";"HAM ";"2018-08-05T13:50:00Z";"2018-08-05T15:20:00Z"
"________20180808AF1510CDGHAM01 ";"LEG";"FGRXL";"CDG ";"HAM ";"2018-08-08T13:50:00Z";"2018-08-08T15:20:00Z"
"________20180809AF1726CDGVCE01 ";"LEG";"FGRHO";"CDG ";"VCE ";"2018-08-09T10:50:00Z";"2018-08-09T12:30:00Z"
"________20180808AF1726CDGVCE01 ";"LEG";"FGRHM";"CDG ";"VCE ";"2018-08-08T10:50:00Z";"2018-08-08T12:30:00Z"
"________20180807AF1726CDGVCE01 ";"LEG";"FGRXM";"CDG ";"VCE ";"2018-08-07T10:50:00Z";"2018-08-07T12:30:00Z"
"________20180806AF1726CDGVCE01 ";"LEG";"FGRXM";"CDG ";"VCE ";"2018-08-06T10:50:00Z";"2018-08-06T12:30:00Z"
"________20180810AF1726CDGVCE01 ";"LEG";"FGRHM";"CDG ";"VCE ";"2018-08-10T10:50:00Z";"2018-08-10T12:30:00Z"
"________20180809AF7710CDGNCE01 ";"LEG";"FGRXA";"CDG ";"NCE ";"2018-08-09T10:05:00Z";"2018-08-09T11:35:00Z"
"________20180808AF7710CDGNCE01 ";"LEG";"FGRHY";"CDG ";"NCE ";"2018-08-08T10:05:00Z";"2018-08-08T11:35:00Z"
"________20180808AF7708CDGNCE01 ";"LEG";"FGRXC";"CDG ";"NCE ";"2018-08-08T16:15:00Z";"2018-08-08T17:45:00Z"
"________20180806AF7708CDGNCE01 ";"LEG";"FGRXJ";"CDG ";"NCE ";"2018-08-06T16:15:00Z";"2018-08-06T17:45:00Z"
"________20180805AF7708CDGNCE01 ";"LEG";"FGRHM";"CDG ";"NCE ";"2018-08-05T16:15:00Z";"2018-08-05T17:45:00Z"
"________20180810AF7708CDGNCE01 ";"LEG";"FGRHV";"CDG ";"NCE ";"2018-08-10T16:15:00Z";"2018-08-10T17:45:00Z"
"________20180809AF7730CDGNTE01 ";"LEG";"FGRXD";"CDG ";"NTE ";"2018-08-09T14:55:00Z";"2018-08-09T15:55:00Z"
"________20180808AF7730CDGNTE01 ";"LEG";"FGRXA";"CDG ";"NTE ";"2018-08-08T14:55:00Z";"2018-08-08T15:55:00Z"
"________20180807AF7730CDGNTE01 ";"LEG";"FGRHZ";"CDG ";"NTE ";"2018-08-07T14:55:00Z";"2018-08-07T15:55:00Z"
"________20180806AF7730CDGNTE01 ";"LEG";"FGRHK";"CDG ";"NTE ";"2018-08-06T14:55:00Z";"2018-08-06T15:55:00Z"
"________20180805AF7730CDGNTE01 ";"LEG";"FGRHU";"CDG ";"NTE ";"2018-08-05T14:55:00Z";"2018-08-05T15:55:00Z"
"________20180810AF7730CDGNTE01 ";"LEG";"FGRHT";"CDG ";"NTE ";"2018-08-10T14:55:00Z";"2018-08-10T15:55:00Z"
"________20180807AF1185TUNCDG01 ";"LEG";"FGRHH";"TUN ";"CDG ";"2018-08-07T15:15:00Z";"2018-08-07T17:45:00Z"
"________20180807AF1285TUNCDG01 ";"LEG";"FGRHZ";"TUN ";"CDG ";"2018-08-07T11:30:00Z";"2018-08-07T14:00:00Z"
"________20180806AF1785TUNCDG01 ";"LEG";"FGRHZ";"TUN ";"CDG ";"2018-08-06T01:00:00Z";"2018-08-06T03:30:00Z"
"________20180806AF1185TUNCDG01 ";"LEG";"FGRHZ";"TUN ";"CDG ";"2018-08-06T15:15:00Z";"2018-08-06T17:45:00Z"
"________20180806AF1285TUNCDG01 ";"LEG";"FGRXA";"TUN ";"CDG ";"2018-08-06T11:30:00Z";"2018-08-06T14:00:00Z"
"________20180805AF1785TUNCDG01 ";"LEG";"FGRHY";"TUN ";"CDG ";"2018-08-05T00:54:00Z";"2018-08-05T03:19:00Z"
"________20180805AF1185TUNCDG01 ";"LEG";"FGRHH";"TUN ";"CDG ";"2018-08-05T15:50:00Z";"2018-08-05T18:23:00Z"
"________20180805AF1085TUNCDG01 ";"LEG";"FGRHU";"TUN ";"CDG ";"2018-08-05T10:34:00Z";"2018-08-05T12:54:00Z"
"________20180805AF1285TUNCDG01 ";"LEG";"FGRHZ";"TUN ";"CDG ";"2018-08-05T12:09:00Z";"2018-08-05T14:39:00Z"
"________20180810AF1785TUNCDG01 ";"LEG";"FGRHZ";"TUN ";"CDG ";"2018-08-10T01:00:00Z";"2018-08-10T03:30:00Z"
"________20180810AF1185TUNCDG01 ";"LEG";"FGRXL";"TUN ";"CDG ";"2018-08-10T15:15:00Z";"2018-08-10T17:45:00Z"
"________20180810AF1285TUNCDG01 ";"LEG";"FGRHT";"TUN ";"CDG ";"2018-08-10T11:30:00Z";"2018-08-10T14:00:00Z"
"________20180809AF1785TUNCDG01 ";"LEG";"FGRXM";"TUN ";"CDG ";"2018-08-09T01:00:00Z";"2018-08-09T03:30:00Z"
"________20180809AF1285TUNCDG01 ";"LEG";"FGRXD";"TUN ";"CDG ";"2018-08-09T11:30:00Z";"2018-08-09T14:00:00Z"
"________20180808AF1785TUNCDG01 ";"LEG";"FGRXL";"TUN ";"CDG ";"2018-08-08T01:00:00Z";"2018-08-08T03:30:00Z"
"________20180808AF1185TUNCDG01 ";"LEG";"FGRHS";"TUN ";"CDG ";"2018-08-08T15:15:00Z";"2018-08-08T17:45:00Z"
"________20180808AF1285TUNCDG01 ";"LEG";"FGRXA";"TUN ";"CDG ";"2018-08-08T11:30:00Z";"2018-08-08T14:00:00Z"
"________20180805AF7517TLSCDG01 ";"LEG";"FGRHY";"TLS ";"CDG ";"2018-08-05T08:29:00Z";"2018-08-05T09:44:00Z"
"________20180807AF7517TLSCDG01 ";"LEG";"FGRHL";"TLS ";"CDG ";"2018-08-07T07:30:00Z";"2018-08-07T09:05:00Z"
"________20180809AF7517TLSCDG01 ";"LEG";"FGRHZ";"TLS ";"CDG ";"2018-08-09T07:30:00Z";"2018-08-09T09:05:00Z"
"________20180808AF7517TLSCDG01 ";"LEG";"FGRHY";"TLS ";"CDG ";"2018-08-08T07:30:00Z";"2018-08-08T09:05:00Z"
"________20180805AF1239VIECDG01 ";"LEG";"FGRHY";"VIE ";"CDG ";"2018-08-05T18:10:00Z";"2018-08-05T20:15:00Z"
"________20180807AF1239VIECDG01 ";"LEG";"FGRHU";"VIE ";"CDG ";"2018-08-07T18:10:00Z";"2018-08-07T20:15:00Z"
"________20180807AF1139VIECDG01 ";"LEG";"FGRHF";"VIE ";"CDG ";"2018-08-07T08:05:00Z";"2018-08-07T10:10:00Z"
"________20180806AF1239VIECDG01 ";"LEG";"FGRHL";"VIE ";"CDG ";"2018-08-06T18:10:00Z";"2018-08-06T20:15:00Z"
"________20180810AF1239VIECDG01 ";"LEG";"FGRHU";"VIE ";"CDG ";"2018-08-10T18:10:00Z";"2018-08-10T20:15:00Z"
"________20180808AF1139VIECDG01 ";"LEG";"FGRHK";"VIE ";"CDG ";"2018-08-08T08:05:00Z";"2018-08-08T10:10:00Z"
"________20180807AF1727VCECDG01 ";"LEG";"FGRXM";"VCE ";"CDG ";"2018-08-07T13:15:00Z";"2018-08-07T15:05:00Z"
"________20180806AF1727VCECDG01 ";"LEG";"FGRXM";"VCE ";"CDG ";"2018-08-06T13:15:00Z";"2018-08-06T15:05:00Z"
"________20180810AF1727VCECDG01 ";"LEG";"FGRHM";"VCE ";"CDG ";"2018-08-10T13:15:00Z";"2018-08-10T15:05:00Z"
"________20180809AF1727VCECDG01 ";"LEG";"FGRHO";"VCE ";"CDG ";"2018-08-09T13:15:00Z";"2018-08-09T15:05:00Z"
"________20180808AF1727VCECDG01 ";"LEG";"FGRHM";"VCE ";"CDG ";"2018-08-08T13:15:00Z";"2018-08-08T15:05:00Z"
"________20180805AF1147WAWCDG01 ";"LEG";"FGRHF";"WAW ";"CDG ";"2018-08-05T10:40:00Z";"2018-08-05T12:59:00Z"
"________20180806AF1147WAWCDG01 ";"LEG";"FGRHS";"WAW ";"CDG ";"2018-08-06T10:40:00Z";"2018-08-06T13:05:00Z"
"________20180807AF1147WAWCDG01 ";"LEG";"FGRHO";"WAW ";"CDG ";"2018-08-07T10:40:00Z";"2018-08-07T13:05:00Z"
"________20180810AF1147WAWCDG01 ";"LEG";"FGRHH";"WAW ";"CDG ";"2018-08-10T10:40:00Z";"2018-08-10T13:05:00Z"
"________20180808AF1147WAWCDG01 ";"LEG";"FGRXJ";"WAW ";"CDG ";"2018-08-08T10:40:00Z";"2018-08-08T13:05:00Z"
"________20180809AF1347WAWCDG01 ";"LEG";"FGRXC";"WAW ";"CDG ";"2018-08-09T14:15:00Z";"2018-08-09T16:40:00Z"
"________20180809AF1147WAWCDG01 ";"LEG";"FGRHK";"WAW ";"CDG ";"2018-08-09T10:40:00Z";"2018-08-09T13:05:00Z"
"________20180807AF1615ZRHCDG01 ";"LEG";"FGRHU";"ZRH ";"CDG ";"2018-08-07T13:05:00Z";"2018-08-07T14:25:00Z"
"________20180807AF1115ZRHCDG01 ";"LEG";"FGRXL";"ZRH ";"CDG ";"2018-08-07T07:40:00Z";"2018-08-07T09:00:00Z"
"________20180806AF1615ZRHCDG01 ";"LEG";"FGRHL";"ZRH ";"CDG ";"2018-08-06T13:05:00Z";"2018-08-06T14:25:00Z"
"________20180806AF1115ZRHCDG01 ";"LEG";"FGRXL";"ZRH ";"CDG ";"2018-08-06T07:40:00Z";"2018-08-06T09:00:00Z"
"________20180810AF1615ZRHCDG01 ";"LEG";"FGRHU";"ZRH ";"CDG ";"2018-08-10T13:05:00Z";"2018-08-10T14:25:00Z"
"________20180810AF1115ZRHCDG01 ";"LEG";"FGRXJ";"ZRH ";"CDG ";"2018-08-10T07:40:00Z";"2018-08-10T09:00:00Z"
"________20180807AF1561ZAGCDG01 ";"LEG";"FGRXL";"ZAG ";"CDG ";"2018-08-07T13:10:00Z";"2018-08-07T15:10:00Z"
"________20180807AF7624CDGBOD01 ";"LEG";"FGRHR";"CDG ";"BOD ";"2018-08-07T10:15:00Z";"2018-08-07T11:30:00Z"
"________20180806AF7624CDGBOD01 ";"LEG";"FGRHK";"CDG ";"BOD ";"2018-08-06T10:15:00Z";"2018-08-06T11:30:00Z"
"________20180809AF7624CDGBOD01 ";"LEG";"FGRHZ";"CDG ";"BOD ";"2018-08-09T10:15:00Z";"2018-08-09T11:30:00Z"
"________20180809AF7634CDGBOD01 ";"LEG";"FGRHV";"CDG ";"BOD ";"2018-08-09T14:15:00Z";"2018-08-09T15:30:00Z"
"________20180807AF7620CDGBOD01 ";"LEG";"FGRHY";"CDG ";"BOD ";"2018-08-07T06:15:00Z";"2018-08-07T07:30:00Z"
"________20180806AF7620CDGBOD01 ";"LEG";"FGRHF";"CDG ";"BOD ";"2018-08-06T06:15:00Z";"2018-08-06T07:30:00Z"
"________20180809AF7630CDGBOD01 ";"LEG";"FGRXA";"CDG ";"BOD ";"2018-08-09T19:05:00Z";"2018-08-09T20:20:00Z"
"________20180808AF7630CDGBOD01 ";"LEG";"FGRHY";"CDG ";"BOD ";"2018-08-08T19:05:00Z";"2018-08-08T20:20:00Z"
"________20180809AF7622CDGBOD01 ";"LEG";"FGRHF";"CDG ";"BOD ";"2018-08-09T07:35:00Z";"2018-08-09T08:50:00Z"
"________20180808AF1664CDGLED01 ";"LEG";"FGRHT";"CDG ";"LED ";"2018-08-08T16:05:00Z";"2018-08-08T19:20:00Z"
"________20180808AF1464CDGLED01 ";"LEG";"FGRXC";"CDG ";"LED ";"2018-08-08T07:30:00Z";"2018-08-08T10:50:00Z"
"________20180809AF1664CDGLED01 ";"LEG";"FGRHB";"CDG ";"LED ";"2018-08-09T16:05:00Z";"2018-08-09T19:20:00Z"
"________20180809AF1464CDGLED01 ";"LEG";"FGRHU";"CDG ";"LED ";"2018-08-09T07:30:00Z";"2018-08-09T10:50:00Z"
"________20180810AF1664CDGLED01 ";"LEG";"FGRHL";"CDG ";"LED ";"2018-08-10T16:05:00Z";"2018-08-10T19:20:00Z"
"________20180810AF1464CDGLED01 ";"LEG";"FGRHB";"CDG ";"LED ";"2018-08-10T07:30:00Z";"2018-08-10T10:50:00Z"
"________20180806AF1664CDGLED01 ";"LEG";"FGRXA";"CDG ";"LED ";"2018-08-06T16:05:00Z";"2018-08-06T19:20:00Z"
"________20180806AF1464CDGLED01 ";"LEG";"FGRXD";"CDG ";"LED ";"2018-08-06T07:30:00Z";"2018-08-06T10:50:00Z"
"________20180807AF1664CDGLED01 ";"LEG";"FGRXC";"CDG ";"LED ";"2018-08-07T16:05:00Z";"2018-08-07T19:20:00Z"
"________20180807AF1464CDGLED01 ";"LEG";"FGRXA";"CDG ";"LED ";"2018-08-07T07:30:00Z";"2018-08-07T10:50:00Z"
"________20180804AF1664CDGLED01 ";"LEG";"FGRHO";"CDG ";"LED ";"2018-08-04T16:32:00Z";"2018-08-04T19:25:00Z"
"________20180805AF1664CDGLED01 ";"LEG";"FGRXD";"CDG ";"LED ";"2018-08-05T16:05:00Z";"2018-08-05T19:20:00Z"
"________20180805AF1464CDGLED01 ";"LEG";"FGRXC";"CDG ";"LED ";"2018-08-05T07:30:00Z";"2018-08-05T10:39:00Z"
"________20180809AF1800CDGMAD01 ";"LEG";"FGRHF";"CDG ";"MAD ";"2018-08-09T12:50:00Z";"2018-08-09T14:55:00Z"
"________20180808AF1000CDGMAD01 ";"LEG";"FGRHU";"CDG ";"MAD ";"2018-08-08T05:00:00Z";"2018-08-08T07:05:00Z"
"________20180808AF1800CDGMAD01 ";"LEG";"FGRHF";"CDG ";"MAD ";"2018-08-08T12:50:00Z";"2018-08-08T14:55:00Z"
"________20180810AF1300CDGMAD01 ";"LEG";"FGRXC";"CDG ";"MAD ";"2018-08-10T07:05:00Z";"2018-08-10T09:10:00Z"
"________20180810AF1100CDGMAD01 ";"LEG";"FGRXJ";"CDG ";"MAD ";"2018-08-10T15:15:00Z";"2018-08-10T17:20:00Z"
"________20180810AF1000CDGMAD01 ";"LEG";"FGRHU";"CDG ";"MAD ";"2018-08-10T05:00:00Z";"2018-08-10T07:05:00Z"
"________20180810AF1800CDGMAD01 ";"LEG";"FGRHK";"CDG ";"MAD ";"2018-08-10T12:50:00Z";"2018-08-10T14:55:00Z"
"________20180805AF1500CDGMAD01 ";"LEG";"FGRHV";"CDG ";"MAD ";"2018-08-05T14:30:00Z";"2018-08-05T16:40:00Z"
"________20180805AF1300CDGMAD01 ";"LEG";"FGRHT";"CDG ";"MAD ";"2018-08-05T07:07:00Z";"2018-08-05T08:57:00Z"
"________20180805AF1800CDGMAD01 ";"LEG";"FGRHS";"CDG ";"MAD ";"2018-08-05T13:28:00Z";"2018-08-05T15:33:00Z"
"________20180807AF1400CDGMAD01 ";"LEG";"FGRXJ";"CDG ";"MAD ";"2018-08-07T18:50:00Z";"2018-08-07T21:00:00Z"
"________20180807AF1300CDGMAD01 ";"LEG";"FGRHV";"CDG ";"MAD ";"2018-08-07T07:05:00Z";"2018-08-07T09:10:00Z"
"________20180807AF1100CDGMAD01 ";"LEG";"FGRHL";"CDG ";"MAD ";"2018-08-07T15:15:00Z";"2018-08-07T17:20:00Z"
"________20180807AF1000CDGMAD01 ";"LEG";"FGRHS";"CDG ";"MAD ";"2018-08-07T05:00:00Z";"2018-08-07T07:05:00Z"
"________20180807AF1800CDGMAD01 ";"LEG";"FGRXJ";"CDG ";"MAD ";"2018-08-07T12:50:00Z";"2018-08-07T14:55:00Z"
"________20180806AF1300CDGMAD01 ";"LEG";"FGRHR";"CDG ";"MAD ";"2018-08-06T07:05:00Z";"2018-08-06T09:10:00Z"
"________20180806AF1100CDGMAD01 ";"LEG";"FGRXL";"CDG ";"MAD ";"2018-08-06T15:15:00Z";"2018-08-06T17:20:00Z"
"________20180806AF1000CDGMAD01 ";"LEG";"FGRHO";"CDG ";"MAD ";"2018-08-06T05:00:00Z";"2018-08-06T07:05:00Z"
"________20180805AF1494CDGBUD01 ";"LEG";"FGRHT";"CDG ";"BUD ";"2018-08-05T13:22:00Z";"2018-08-05T15:39:00Z"
"________20180805AF1394CDGBUD01 ";"LEG";"FGRXL";"CDG ";"BUD ";"2018-08-05T05:00:00Z";"2018-08-05T07:02:00Z"
"________20180809AF7688CDGMPL01 ";"LEG";"FGRXK";"CDG ";"MPL ";"2018-08-09T06:20:00Z";"2018-08-09T07:40:00Z"
"________20180808AF7688CDGMPL01 ";"LEG";"FGRHM";"CDG ";"MPL ";"2018-08-08T06:20:00Z";"2018-08-08T07:40:00Z"
"________20180810AF7688CDGMPL01 ";"LEG";"FGRHM";"CDG ";"MPL ";"2018-08-10T06:20:00Z";"2018-08-10T07:40:00Z"
"________20180807AF7688CDGMPL01 ";"LEG";"FGRHU";"CDG ";"MPL ";"2018-08-07T06:20:00Z";"2018-08-07T07:40:00Z"
"________20180806AF7688CDGMPL01 ";"LEG";"FGRXM";"CDG ";"MPL ";"2018-08-06T06:20:00Z";"2018-08-06T07:40:00Z"
"________20180809AF7684CDGMPL01 ";"LEG";"FGRHM";"CDG ";"MPL ";"2018-08-09T19:15:00Z";"2018-08-09T20:35:00Z"
"________20180808AF7684CDGMPL01 ";"LEG";"FGRHO";"CDG ";"MPL ";"2018-08-08T19:15:00Z";"2018-08-08T20:35:00Z"
"________20180810AF7684CDGMPL01 ";"LEG";"FGRHT";"CDG ";"MPL ";"2018-08-10T19:15:00Z";"2018-08-10T20:35:00Z"
"________20180807AF7684CDGMPL01 ";"LEG";"FGRHM";"CDG ";"MPL ";"2018-08-07T19:15:00Z";"2018-08-07T20:35:00Z"
"________20180806AF7684CDGMPL01 ";"LEG";"FGRHU";"CDG ";"MPL ";"2018-08-06T19:15:00Z";"2018-08-06T20:35:00Z"
"________20180805AF7684CDGMPL01 ";"LEG";"FGRXM";"CDG ";"MPL ";"2018-08-05T19:15:00Z";"2018-08-05T20:35:00Z"
"________20180809AF7686CDGMPL01 ";"LEG";"FGRHU";"CDG ";"MPL ";"2018-08-09T16:45:00Z";"2018-08-09T18:05:00Z"
"________20180808AF7686CDGMPL01 ";"LEG";"FGRHZ";"CDG ";"MPL ";"2018-08-08T16:45:00Z";"2018-08-08T18:05:00Z"
"________20180805AF7686CDGMPL01 ";"LEG";"FGRXL";"CDG ";"MPL ";"2018-08-05T16:45:00Z";"2018-08-05T18:05:00Z"
"________20180805AF7680CDGMPL01 ";"LEG";"FGRHY";"CDG ";"MPL ";"2018-08-05T10:41:00Z";"2018-08-05T11:52:00Z"
"____1533C4_1+ENT_1531397415000 ";"IMM";"FGRXE";"TLS ";"TLS ";"2018-07-27T16:00:00Z";"2018-08-13T23:59:00Z"
"_____1442TVX_DIVR1533025033000 ";"IMM";"FGRHM";"CDG ";"CDG ";"2018-08-06T12:00:00Z";"2018-08-07T02:00:00Z"
"_____1378LAV_DIVR1532952064000 ";"IMM";"FGRHB";"CDG ";"CDG ";"2018-08-04T23:00:00Z";"2018-08-05T03:15:00Z"
"_____2120TVX_DIVR1524204375000 ";"IMM";"FGRXM";"CDG ";"CDG ";"2018-08-09T23:00:00Z";"2018-08-10T12:00:00Z"
"_____1444DPN_DIVR1533443056000 ";"IMM";"FGRHO";"LED ";"LED ";"2018-08-05T02:00:00Z";"2018-08-05T09:30:00Z"
"_____1483TVX_DIVR1531147542000 ";"IMM";"FGRHT";"CDG ";"CDG ";"2018-08-05T23:00:00Z";"2018-08-06T12:00:00Z"
"_________1535A1_11534233600000 ";"IMM";"FGRXD";"CMN ";"CMN ";"2018-08-10T22:00:00Z";"2018-08-11T05:00:00Z"
"_________1482A3_11533196800000 ";"IMM";"FGRHS";"CMN ";"CMN ";"2018-08-09T22:00:00Z";"2018-08-10T05:00:00Z"
"___FGRHV_____CDG20180804164110 ";"INT";"FGRHV";"CDG ";"CDG ";"2018-08-05T23:00:00Z";"2018-08-06T02:00:00Z"
"___FGRHM_____CDG20180804080922 ";"INT";"FGRHM";"CDG ";"CDG ";"2018-08-05T23:00:00Z";"2018-08-06T02:00:00Z"
"___FGRHO_____CDG20180805075915 ";"INT";"FGRHO";"CDG ";"CDG ";"2018-08-05T23:00:00Z";"2018-08-06T02:00:00Z"
"___FGRXM_____CDG20180803082937 ";"INT";"FGRXM";"CDG ";"CDG ";"2018-08-04T23:00:00Z";"2018-08-05T02:00:00Z"
"___FGRHF_____CDG20180802120955 ";"INT";"FGRHF";"CDG ";"CDG ";"2018-08-06T23:00:00Z";"2018-08-07T02:00:00Z"
"___FGRXA_____CDG20180805075936 ";"INT";"FGRXA";"CDG ";"CDG ";"2018-08-08T23:00:00Z";"2018-08-09T02:00:00Z"
"___FGRHR_____CDG20180805075805 ";"INT";"FGRHR";"CDG ";"CDG ";"2018-08-06T23:00:00Z";"2018-08-07T02:00:00Z"
"___FGRHH_____ALG20180804100920 ";"INT";"FGRHH";"ALG ";"ALG ";"2018-08-05T23:00:00Z";"2018-08-06T02:00:00Z"
"___FGRXJ_____CDG20180805075835 ";"INT";"FGRXJ";"CDG ";"CDG ";"2018-08-06T23:00:00Z";"2018-08-07T02:00:00Z"
"___FGRXK_____CDG20180804081805 ";"INT";"FGRXK";"CDG ";"CDG ";"2018-08-08T23:00:00Z";"2018-08-09T02:00:00Z"
"___FGRHK_____CDG20180801142801 ";"INT";"FGRHK";"CDG ";"CDG ";"2018-08-05T23:00:00Z";"2018-08-06T02:00:00Z"
"___FGRHY_____CDG20180805052357 ";"INT";"FGRHY";"CDG ";"CDG ";"2018-08-10T20:35:00Z";"2018-08-10T21:00:00Z"
"___FGRHY_____CDG20180804125224 ";"INT";"FGRHY";"CDG ";"CDG ";"2018-08-05T23:00:00Z";"2018-08-06T02:00:00Z"
"___FGRXL_____CDG20180802183257 ";"INT";"FGRXL";"CDG ";"CDG ";"2018-08-07T20:35:00Z";"2018-08-07T21:00:00Z"
"___FGRHZ_____CDG20180803083504 ";"INT";"FGRHZ";"CDG ";"CDG ";"2018-08-08T23:00:00Z";"2018-08-09T02:00:00Z"
"___FGRXF_____CDG20180802043548 ";"INT";"FGRXF";"CDG ";"CDG ";"2018-08-05T23:00:00Z";"2018-08-06T02:00:00Z"
"___FGRXA_____CDG20180731094539 ";"INT";"FGRXA";"CDG ";"CDG ";"2018-08-04T23:00:00Z";"2018-08-05T02:00:00Z"
"___FGRHH_____CDG20180803083402 ";"INT";"FGRHH";"CDG ";"CDG ";"2018-08-04T23:00:00Z";"2018-08-05T02:00:00Z"
"___FGRXL_____CDG20180802083750 ";"INT";"FGRXL";"CDG ";"CDG ";"2018-08-04T23:00:00Z";"2018-08-05T02:00:00Z"
"___FGRHH_____CDG20180804080701 ";"INT";"FGRHH";"CDG ";"CDG ";"2018-08-06T23:00:00Z";"2018-08-07T02:00:00Z"
"___FGRHZ_____LHR20180805120128 ";"INT";"FGRHZ";"LHR ";"LHR ";"2018-08-06T21:30:00Z";"2018-08-07T02:00:00Z"
"___FGRHS_____RBA20180803161644 ";"INT";"FGRHS";"CPH ";"CPH ";"2018-08-04T23:00:00Z";"2018-08-05T02:00:00Z"
"___FGRHZ_____CDG20180804143609 ";"INT";"FGRHZ";"CDG ";"CDG ";"2018-08-09T20:35:00Z";"2018-08-09T21:15:00Z"
"___FGRHT_____CDG20180804083622 ";"INT";"FGRHT";"CDG ";"CDG ";"2018-08-06T23:00:00Z";"2018-08-07T02:00:00Z"
"___FGRHR_____CDG20180801141614 ";"INT";"FGRHR";"CDG ";"CDG ";"2018-08-04T23:00:00Z";"2018-08-05T02:00:00Z"
"___FGRHY_____CDG20180731094611 ";"INT";"FGRHY";"CDG ";"CDG ";"2018-08-05T23:00:00Z";"2018-08-06T02:00:00Z"
